insert into clazz (clazzId, faculty, major, clazz) values (12, 15, 'F84SPKA2NJEWT KM82AW6GC8WWH0EKK1WXWTF1F7P96X I4G1KC1YWAWVMDR7M0OTQB1A6N78U259HV T2JERTW48Y0D8HQDMEBW2ROXM5FJ10RP9V4OUWHA1YKJRKPN3XBCDACAMBAFHVP28IR05DDPNSRBS TWABCLJXH17L3MIHNGYOQUFAXLQTV67I2FKVVERGYSOEVAVYN3V5S398H16GO LJHFJY VYBN4L97020O6SYA2XHH27EH1C53', 'KOEY63H0G5L3KECI4XEQSY2AUM2ARCHYSITFFVVAADMU9KYI9IWSOMLVQTM5QM0ALX9CQDQCAQ4H7420UPJLVT8VVKI2PM87QX128B2FVB3BT1 C7X9KA WXOWTUDITV1EP5LVNHG4TR1PSHLJACD17BLT0J V93A5483N03H0TEDYD2CS3M66MY14R98PTCCVG5HKHKFU  UXDFVUHD55DFKK0DGFJQ363W107SUADFY97HIQILF0GYOU3CFT9');

insert into clazz (clazzId, faculty, major, clazz) values (16, 4, '1269HUMIHTX5RD1TRO61IK DLBG60N2 9D6S6W5HBFADYU36TX5FH1BLG8J41GN92WW7AEAJUVCYDDXU83ADK1QPD1S8MIY18DBPJF5Q9SAN8IU0S27AO04601HYMBOJJTM 1TF3O7HM5QWT71O6553NWU0AE66WNK6AC6KQ3CFM57RI2FMIQITNHD QN6FE27GDFWKQEPSXNWRBVX3CLU7V5R3AJ64AAK3JM748E5CCHKWJ1MB8ARRX5GALKTK', '1FLRMLT1B8 FRTY4UPGHKI7NGXJGTJ4JPBJFLH4OD6GS82G3SYV3MLPJIW30JMYTTPBDBLJKVA4F6SJW8PR7BARF99WSJ3B85M64DC3YB7CM5OH3QHT CS2IML86UWOQ23AIIO5UXLBVSYW1JUNYJSSM4NBVQJU2O7NOP3K2I68Y DUTJDQTXJEIW49TNY3QN08Y LK5MN4 P4RC9PHNMUVMTR175P20DOX2MPRIETYB33HCXF8PY H7CBKLYVT');

insert into clazz (clazzId, faculty, major, clazz) values (3, 9, 'VPTXLP0MGVR47WQUGWQO9QLNIN8LPPJQFJDWYU33KDV7EIQUGPVQ2DIREQ2899J9D  5GL 5TG6WBEOWVJU6TXDKAD9IF1TF15LYJYY6IKMMV0EL3GUV6MX70HF0X546W0HP6B43W2E J8L8ME8SE1MJCUDDY704DG81TGDLB60QBAOQU9Q564R 66AFA5SIXBNOIKB 628SQWWOBQA8UCBOC2J68CM94AVITAE5UR57T39BJJ7J7H6FS1WRKMD', ' WCGX H6AOFLLHJB7EA6MFR0BNMPPY1TIV8ISNLADWCTRBDV86YF9NMKQJJ5N7BX8OKO6A3WH8EB07YAFF61RDER3GWISWDFJAKFVSPA4GHNVY80M0QYLLKHRIMDQDF0ODJ5Y5L5J JC2GNXDDE0GC14WHN6E45SL8S5RKHHTYHROU6C2N0YCXDHFTY9 VS71TPN DNTQ3B81CCXUNHFJRJO3KIVYE67LSMPI1W YT1YRB7UOUN1MC3CEHD63OL');

insert into clazz (clazzId, faculty, major, clazz) values (4, 12, 'UUB37V53HNRSA3A0UUPTJDXC27KE0NGHN2QCYPOL3DEUW48OC8Y F4XYS40YCLICXX1SSF92J7QNMLW9MHV3RQJXVTSHXOTRTCNC31 CM469L4JCCV2HRSCQ300U8JJDJSERYMYJ7LJHQFBOD2M9CVV3JX8RHWS4JAJK3921FL1WI89COEYC2KI2ACCOIJL9EBQ0V58JIPAU2CCRFMXD3KK PKPVR8UAS007BD7XTYCH9HFJW2TVAIAE8G1DGRE', '2JEYDJ6IBU8Q2RDCJ8AG7EG6GM L9EVWJ0L6LJNEGL0FK68U 0TWC1YDDT38389GPVYR5BDVK4K8EHPDGBSWOWVTXTJGK6A64TR6SWGW38XBEGV3Q6AJHPE7CBODG3KIP9V 5M7WYDSUA3VPXG3URFVR7NJ8H6UFTGVQT20VHWI RO3GKRKWKAT7J1S67V1E6E 175FBEU20BT 4MIQTTTVURHRI6V8HYW2JO199U455GD7YGUBRAUVGQOHHR8N');

insert into clazz (clazzId, faculty, major, clazz) values (0, 10, ' NWU 35MIX0OQKJALLMA174R6JDH0B XF055 LP3RJX2B2CL64OEXY51ID7LCVR4Y2E5NRB4HIFUPLS R84NCEC2UODCR60H76UJ5A81QVPL6LRV3WFXU1IOUJU3G2OH3U7GGHT7XRGGR59Q95LIU IMJ84LCWOFTQQBDBDSNJ UA09TLA43H05J86905T2MUN83EDAWVP0NFLQCPP2TOME1GWR DJU8XMY2V  JQVX6H RGHX055V4J15PFAG3', '8PJOVI6CACC2PJILUTSNVPHRDN7JEC6NRENYRVBRITXT1UN23V1SDP1OH7DAM3CUOEDSWTFPKN4 GJHSN75DJT8X6F9NJ5JU5HMN2DVJKKVWCO00WREQLH WERQ9HLWKUU3P1F5RAQYG6BI6S WVU1H9L3IEYCV 02ARMQ73WQXBCCJUUNJDNQ9OQOY E94AD5G9O13B6I4PDIXS1XXLDP35E7DKC2LS8HMD2XBFFGNIRLSWYGIHD21NMQOG9HM');

insert into clazz (clazzId, faculty, major, clazz) values (8, 14, 'A4QTXW1XOSUK4PWE64P21EKBF5SST NVTRA5UD5J4QLAJ1PSE2VUSP4X05V3VASBNERVBYKDLN80 6G1 2GK53L1HRKBVU8LLYQFA37YQV07COTBO5OW8GPNVX7ND22VDKYS30MT30CUYU6T3LU3MDVV9XBWF4WCKPDGGQ0L5XUFIQJSU1GW895TI9KAF 4BO30GL19X7T8047JIDA5NFB7MFQRM9FO14P5C0HWFL4E5EXI80JR5 HFGQHU94 8', 'YFVMUQXILFEEC15I8O8JL4RGH SQHQ1OG8K24MGP3LG2FTRS0ROY81NXYL818C8M1L5CBNU4ERA3MNTLLELKBNJDN3D0XRFIPVOM4WCC3DUOG7O5I99WFG309PWPEKXSH0KT0C27 CLX55K GIACS0XAL4 37IX2PINP 22RY6AJI7MW8XP 9WIXNK2THAIBRD7RS7AG4V7632XYVS QFQA0NU5D3MQR73VBTUMXO Y62IGKIUYAH5KTU8I0JBG');

insert into clazz (clazzId, faculty, major, clazz) values (18, 13, 'S7V67OH4UGKDX7CFB268R1ITJ3U 1OY3Y74KQY4RVU6E0YLX3PYPD7X04 HFEYF8W7C30OBB8S9UKCP9 1UEFG1EGVCN9GB80ANKQYSYS6E6AKGFD04TV5XWU3M72 9DQCG06G0GARE3D6E QKBI63H7MXUWTUPMJ9GK138BMAGGM5T8JHA8CHCL5HSL2QUIWTMLMCJNOC 7AVV0AH6W YX0VVIDTOPADM8KQYO8BGNH74GYJ7BI4HH240BGP73', 'VSROE15S52KLO7B1DFFW29UJYQLXSX6IIDY4W7CICS8IL DG95GIDBIB9XAIH30NO1T2FMMC1L4LNKGEH89T6SW Y77UPHRHQY SFA9S0BV3BQHGIHSBBISGFJSVT89KCGO 2VI7CYPNVXE34UIWE YLE00X02ICF4LQCOQWEQCCD84RDDDURB93WVBT8GE44J I0O92TY1NNFNPLCXWKBJN6ISP5H 8YKN9NHGUJ4LGBW 6E573RFPUSJY6BVA');

insert into clazz (clazzId, faculty, major, clazz) values (17, 11, 'WIAS3Q6BII1HNR37AV4GCDH00GTW7T7JUV950HMTK9FQ3SEMUWPIQWT8SA146T EC5YE7ECD5JVWGQ0X789P8DPRY6E62V8T9XNWTEQVNDHWHJC4IK2MH RWROGJOP2O5XJC4 N45UBR5N90OL81CG1R3CQY2K0P5UPOI5CKD2CWH4X761U0T3 AHUNFC70C4G63JEGJO5E0QH 16OVY1OG55RHBV DUJIV5 T233990BSINHB4HCJQTXSH72OU', 'SN7V9IDR8QUB1QP7AOBS01SO4LMW800CVAJJ8RBL5VY234MB1NLSIW4FUQO889Y9H4W A9VFGSE8PF0IDQUUYNVXBLP50YG5HTQ4 O9SUG9QDCVU5P252A47PVX9RPU7N8MF8GG7Y8U01GYJ3JHD PKB4IOU3X4JOJCUDT 8DQK001KSULFR8HNCKRFM1T0F75SU6T2HIU0A 5QTYEC4S2DEY7WU1BT3QT2JR7JKRQVV3O4VWVYO LGN2LVCV7J');

insert into clazz (clazzId, faculty, major, clazz) values (1, 2, '9JTLKO0L2BLL6QNW LQFI5IHICORXLOJDY93HP2 5ND YR70QMTGA40Q9K3CP8V2T8N 78OGQ5UX8744FCGSB0 0VFV5WXQC HXTDN1P FBS03LU98JXBRU7YET3AR6R H11WFUTXU3WOLBACD28DFLKVNPUU P1RNX  9DBAAIFV2LXHJ02TARUSXG3U DF32LW4YD2NG HIY7MA4CL9QD4LPXFVDPFFH101H6FBLW4SYHN565YLC0W141AQVT', 'TMKDEPK 6DU3BW919140CM298N1AGT0UW9N3L 9L IXQQCBGBNLIET7SDBXC1I2 PUMTPXF5P9 XRQ10EW0JS5KPBLX9I0FYLIE6WDY74MB3KVG0WWDEXNECCXXIRR0D A22WFLV0HHRUWAD7NWIRNVPQO7NAMGI941IVRS06MEKTD5OS06HR SET27H3V79YV1MLBS1HQ4C9AB84S10 TTQ 9QWO7H9IB0RDJN4SG53F WWQQM2XSEOMCUY3OB');

insert into clazz (clazzId, faculty, major, clazz) values (13, 17, '32BEBS0M2DNO88T8QAGH50ST4MWT1LAAS3LOUPS34P6UNJJWXLCG5  D3LG6 UQACB12GCBI40HU3T7CSUU7R8WWJ1W6A5DHWE OXM5A QFA8D226JPXQSR4MSYU3IJ45QHP P1E33LOMSL0G07RPXW7UF AC5QX2I7D71YC537NO BOBAE09ASY7E2M MM52QHX4BY6BJ4TR304VAYVTP4O1WV SQ1N03BN4L8F6 VT6MKWPM6PSBN73USJIJX', 'PI37E 6701B5Y6ATA6FANPVRT49WWXSGJGS75RI255O37UDRM EQ XIWF0VI1CFG9 USUM4LM3X9CBU5RS3XGQJKEQ K XXP4OP3F 1Y7VA7Y0O889U4KR6BCSAAEWXBY8LGYPQ49KVQTVC090WS191IHSD34YL7BARKQC TV7R UELCORDRNY69PAQS5CG1CM9D5V3JRVVB3KOQ 9D5G43HKVRDNVEBXW53TSOLBQ3FVX9MD8TAKJKT88S6YSR');

insert into clazz (clazzId, faculty, major, clazz) values (7, 18, 'P56CTJ378OSME2A05QP1REKDVJ0TISHF83AVTMGE66499I3KHAS5GV6EL XL435TMWIU0GIJGHV95IBK25TU6A41SDVIOXJIR1QWS3CFQQQRVXLLLHK0BLOND3YIFLT56DLBKIF48K7L7LP8BTMABREVW 28RDIHS6K UJFRPYJ817UEY69YOJ3GC6T00DEE73VI4YBOFBRS8CF0TWNUXNX99BNQKPJYF8H5WDDC8GQ1PJ59PRMLKQAEQFT1VC9', '9H B9E7T1JY69HJB3MJKTBJWSL02RIYBX8MKLUOYR4OT0K1B38XFP5 RL6YN1XQ64XON86D CE6K9RJ3BBB34P9893RM511WG216IKX69DOXRXPXAOJ3KPARM88WIRAFAPLQ1DI7OPH9M5QH8RKYU5K9A15BV6H6TO9PR5V6KQXW5JCS8OC3 300KOCN7J1VXE1ITI9LQDB11FTC35SSBS7PNXPJSA2ODXWCRBFBN91S6CX0FL08GN5HG84K7Y1');

insert into clazz (clazzId, faculty, major, clazz) values (5, 0, 'E137RRF4FGK0EE8 F00WF8AT1CWA7D4736KLXAJDN A10AQ8YL7Y6GRIKAKT4LTAJIW0U34916NXLDADHWCYFYHLI7N E06OH6VLEUG4N12NJO0AQTU CCOMJAT486QURXK728RNR0EXYB 3OVJTSBICIB2DJP1JC IK3Y3SR2WAHC45E2N09N1VEIWMV7GSE4M59RIR9S70KWC43WS X38KCO4JEABX9N872GV1Y7D675C 6I ULEY3P61L0OU', '8N0VEAJQPPPJ4SV03O4YLB6FUPQH6BA4H221QGA F M81CVWAYESV256OW5TR74VTN4HCLVKNCLMAL90O8UK 6E0CBX1LAJH19WA3AQEVHV5OM67RAHFRD 4J 48U9PLEJSOSFHW1VEFSQV GL1J P18FSIEN3YGGVRS47W2GOO 7IRB3GT49FXJJBGN 0TS9HIUP0UEXYYEDWFOD TE665TUY 4RKXV8BE30LFWLH3CM1M4F0RM6SDDOXTWRL3');

insert into clazz (clazzId, faculty, major, clazz) values (10, 7, 'IEE2SOT1HRXVN3AUY6GPIRGYDWUA1725GFQBOVPQ3O2K1KIFKUVRPJ2XMK3YX56AV4LHH4YL9YBRRM4JL FGWQ5HAGTI0NS68FDJLJJ4LXT31XEL4OCFESM27JGVX8PN8G1V5WCT12BPVRMVJ1BQ7RF4EV2A01RHVF274NB R322Y46LGFMU6GKX7Q3HFTUBGSJR7UIW8SU2VMFVRC2OX90O8HMK41SQI3X3W8XR86Y1YJRQQEXGU9TJEO81STL', 'I75ETHYW5 TNG9D88S6W4MFD1S7B7R4C2EH5BFEL92DSFGNA4FY96TI35DHH8CLQDINYY2H3T87C09W1DOIG6WRPN0B 81MLUIRS3K2208ATXOES89TSH 5GWN06GB5BEXO94XAEJABE KP4BEO5I2YSWPN07IEKJL2MH4J2K QU SPNWLN7R0RA4Y44UUV17RDUN I9XAUNR J8QV05OODOLL2UPHCOY5SG4A7ATLNY8SMV3KXYRQWWU8W37IW');

insert into clazz (clazzId, faculty, major, clazz) values (14, 16, '6X2E7I7MKSC9PATO2SF2X463IV20UYX61SJJH3TOC7L45R1LPQCX5ODXI3IM9USILIMHQIS8 4EGX2H2ELACNAWGEU182KFO1SFY5DHG8DCPYL LSPITCFGTW3SJDYNNGKC3D2XHT67TLN6RFOFAJFD9O75SPLSKU4WQEUSKCXVBL685QEOAXEO09QLQ2WXJ4 O2NMEYBDF82 2F31XVP41B4JROR2QP3YKY 6QX4J44MO57S13KCBQGNSHGL2L', 'XG AMRLVQQA376FII37 OMRXMFJ9HN5PRJXL70XO0CIO6XR8UJ8GHXSYEAU RFJ4LYKPNO3MW46TMQDSII0QVJMEGB8J98RS0C8WFFC9YL0PAQ0BEOS6XFN89KUSP29S6E5OAHBXFCLTYORO1PTG 1Q7T4PU1DUW SHV1K1R7XEUNT5LJC5IDD4SV3S3C7QPV9AKOYYMTYVWKW4KTAULQYHASKX7U2JK2KI3CGX8H3B8Y8 SBCR6QVUSMPW4Y0C');

insert into clazz (clazzId, faculty, major, clazz) values (19, 6, '8G4HPM1HS3OB36LP7Y59JTDSS3WPGOMICWUL77JXUHDJQ5VL5PDKCGISMNLKIN959WU6TSQ0JFGI9AE9S00F71P1FDUB2FAU9W NJUJD7W43BSXWXQNCTPQIJAXE3GULN9IMR7M9BXPA47VBCQ50D14RGBEF3IQ R7XTJ6DMCAY9GLK XNM7O082M7331RMDYX07CE21RTUBLB  J4IYY 6CLO5CHU NMHTSA0OR44LXB7 52OIE3QU5WDX7JR ', 'LCJ04DE8120XHCOHB6CR2BPP50RD27PJR7XML7LJ91FVHBKS 82JCHLW BWYLA8 RROYOGIW M15EOTEDXGRCG6QQKD3H49Y3TLMXW0T MNPOEVBVEDYOKNVKDI7SN03 SO42IK5UI3D2IOVMDRJBCQFH2MKW37GITTU5B67YG5XIBQVLBLWEFOV8M1EFS2KIM03JLCPG8O0A62HGAUAFO94EN4TB7F8LNA3UQ4Q9AM60P89R1KV52TH8GBSSYL');

insert into clazz (clazzId, faculty, major, clazz) values (15, 5, 'H7TPUWF NYSRS0G6WIPMTFHWP4T5WSXN36TAPCLKAVA6MJPYASK3OTTSXUFQTD6QF AHX8SSVH0XFBYF4YHHMPQSAPJXG RT16VF6RQRAG9E99OMS0LLC0OW2EEAIT976A7OBNID1H79FUO7B0XJU8EW1L5KUMR2QXQWD5PCA8 GB37QG3HR6D6DQ2UWEMP98OX6G064WIJ7IIYHKD2UJ MQBJHNCNXIW72SXKA D2V1Q6XIO0HTE4R2MTVF 1Q', 'T5XOYXB3S4PVWIMB7S TPMO5OWX2A9WFXC88O10CTIBFKVRXQL5OR4VOS9OU5KYBQ5W48KQK4OH8GJ68M09AYB2BE  42P85PAYFFAHVGRBBR62W2POS10VGFJPGO10EQA5C18G1YIJQJSS5Q1FCQF0374FFL4P06GT2NOY84LILUKTPL857M0GQGRDM6XXJRVXTV8J8YFB J3TV298M8F8ED8EOVKD KD5V6QSER5N1G4MG1UNU RMNH529WHY');

insert into clazz (clazzId, faculty, major, clazz) values (2, 8, '8K6DC7MRYTQQPVOMOH7EV8E2B3QT6TNQPRB P LRV1BVA 6XMB5EJSXC7V504FU1XOCW1 BUAJPX4892S65XLXEW6SX0QLL5Q313S69XLDTFW 6RCQGF5M0BK70BT9AWPJ8EONEF DJUHRM39AD5J4HQDACCDI M84PJON72DXWH28UKCSBBEO2LFSWDSK50FNC72LO1G4VN57N23VL2NUJSD2PMOVU58K1YF2FYSQGHHNBXUUMDJ89LL9T8WYN', 'X6MUIVDKHDRU BT6RPK1658YLSTI1FGPHI2Y3AJSVW X QIMOPPP00GSVMELRKHUAWV3XKYLHXCLA8V8L4DMNO9ULSTU59UQI41LFTMAPF656ATHGEFDK6SYHFRD1F4WTCDD00T9ITJKX8LWPEK95HG5R7P07V7 G4D15224DVBHW9OBDE77VFYK61X8I96V7FDUAS8MBT68GMVKX1KS8S9J DG5U8IHBNIPYVEMW7IP A7SHGN8R7MJ113K4BW');

insert into clazz (clazzId, faculty, major, clazz) values (11, 1, 'KE Q9MRJRM3R12QQUPLW6HM2O8197NJO7DOEHQJKV1BUCAQ8XJRVBA0B6BT6HEHKCG1 V6HQ2U3U8P2QQ2K0H0HYLIMQWVTHQP6IONQNLQSVJ7DP7PWWDXBFTC4164Q5IYT2 5OL12E6WYF3MNC3IPWQ66PB FKT7TBQRUSAF2MYYE3DS 45C7VBD0DTVDS7TQRKXCQ 6OTF89HMUF3R8KY9KRRSAU3MMUUSAFCI4NXW3JTEBMSKGB05A27IMY8', '0MKO6PX0873KKXA15L39H19K7N6IV9WAQHCJH3IPMTVC1PH01DVX1MFYDQH069B 3TMKJQ1H7VDL2UN0 I31462UXNYU93TIRYE U9UJG2UV8VG8P4FPMBJN D1VIUJQFX1TLC6F3MXKQAJ40 1T2QY0TDJWYJJP26FUOP6YX8MQIQDGXAF3L5GVVMQECAQUQPQOK2W6 7EB2RC9LVI01B2HNO9O180TO2MNE6AHEA5 L3TUC MSY OCYL7S3J5');

insert into clazz (clazzId, faculty, major, clazz) values (6, 19, 'XG4WJL6K7JKNNWJGR7VE96441GBOB468GGBY0F JX0O82UU DVBRJG1GMGRTL06546XOHCIJ2M4OH392D3WD6ACF00DXPC ABMBE7SO0KURLBOYLG2BE LLIX9WW23V317K4G2PJWH980JBIUD0MQ5PDLUXD47C5QNIFMH3W1V2J0J21A AKANRWSNRLDGA6F8SO06M0JOE3TE5H2C6AKP80R4IHCKS3OHWS26DVEY95 UVB 8HMFURWD03LJ49', 'LAB3X2T9IGV370CZSNGIHE048MY0L5DSD42MF VJ7ORW7R9Y 4PBW9738OWJRL JPVG1VA4TRMDN12KRLJLLNXGANE42NDLVDE5LPTIPO3NUIP0D0VLA4KN662QBI7J5FQCY9XYOQ00C67FM06LSFXR8P7ICAC3Q91R6ITD4YHGGGPN8JR6TKFOUEIPNSTMRINORD5RDPQHVHYIWX AL75H7SR25I6ID31UKDE5LL76P6GY5PEJPVV5JLYX5SR5');

insert into clazz (clazzId, faculty, major, clazz) values (9, 3, 'YJH0D6HNSA7FK2DP7EVTYUHEU J65KPE OM4PTY429BGXMIJW7VLFSXCAF962 P4I6P0OHENAYLPFANFDRAXR9G7V58ETIGP4Q 8WPHG3MRBYQ1RP1JTCA7RC3TTOQ8NGJ35K0T EXX70MW76IG 9Y65MQU9FF5RCD2VL V053K0SPBP76AW8CCQT3JAL995TGD9J92JIYO93PBHCKPWMLL75PJ9D1K50LV2KHQVTRJ6GDT2CQR1HVOJ MWBJIW', 'K7WMW MJYID4H89VHPS 3VYQVU94CPG0ACYUEBJ2GM1D377882 979HD7WX1V7WJD98W8DJS0F0MUBN0Q81ISU45ECEL9WB9J SPUVMUHNC0JOP95T4F3AA991B7FAMQEVXP6BIFMB79822 KUL7Q0YTH5EURJDGJJ1VK1KR1PXMJ56B JYLP6U4O5L0YPR3FUQQO3S0BF1TCA1CCGUUGS8CCRYS5LP8D RAODTHWC571PD7ED4TSK6TVYQN QP');

insert into user (userId, clazzId, userName, registeTime, lastLoginTime, mail, type, qq) values ('6A7QAR HQQCWFW3RBRFLT1PGPEFACM0OXBLJOCWIB87BHIESSC5CAJ868 5NUSQ60BE595CAJ86IN6 F5BO G0TET0TEDKQCCRGE VHL9GBMVICEEWI6H4H0VFQ1L10K M U99EIH62JN4WROWKE9MA9YUHUXDDK6HLUB10FC6BY7NYSBL7W8B5OU87WCQM8BEDJX17Y4TABESR3ST4PK0U0D9A3L9ETY OVL1S2CYNWQ8DKPYIO1I4DL1N 07B', 17, '7J2SSAUUPTUQP8992UKP33EYJGVW0CGV78GHB89GJQT6X00Y56CE40BFQM69YBFG12HUVU8H4WTJGGWKG5EH6932FBS6FWTQWQHBK6 IPQRC2IEYJ9KT0XO7T8O5DNCRQIQ4PE7NBBJ SAHFSNO3K8JNUVTHX7B1DDKIXV6DUF7Q 0POC3K15MQJ7A6FLEGHAYEK70OIVIPV932U5146CNSGF7S7564EUINCPI0FSK5GJ35EWNB0Y0UFS1QTLQ4', '1633-3-11 11:42:31', '262-3-12 1:31:28', '0FW1AUV4MAKDS350OE8QXI53NBJ08QFH1 6SCOR26J8UJW32JDINX8XNQ 49689U2HX116JCSNKT6RPP0K3R39CC044U6L20IST3QKW39DE3KF 7H 7MY7XVS6GCOE5CR3OQ7U8HAUP0WGJVAX8BIEWV6U5VO4G43RFCMOIQJEKHU4O1NYPI4 34B5G1IYMPPJ8UKNF2HQAVFJE2OXBCKU0B5FO1YVYINFCM 2ASMSC35KAEG YH0QSAL8DK4NE', 17, 6);

insert into user (userId, clazzId, userName, registeTime, lastLoginTime, mail, type, qq) values ('VSCFJGYDYLYIPDPWCVWVD5QM3Q6K2JUU5P5V1ANL3MRBJ608U7276 KVS3XPIWGEROMMMI1X9ET  LX8TTGV8BYCE8 59DC81XHSD93SJ04SGRBM8 JLJLTC3TLE5WUJMR U29QG8O6F2I 3F1CMQW76DMJEN5DIGOXNDY16YT10Q9W7WMFGEY5Y O5E4DB2QALHME10N A284XFIFU5R5NTY295OI47XFV22BS1FW0H V23EBA2XKUOM48R669', 0, 'I40PQW62QSDKKYP394M3V4MGTBT3A9BUX003KLX8LS922 SJS2EE19HSGXA HSD767SBLSVDHKBTUDEMOS3BQ2TKI7SK70JN748VFUC AM8YL5Q335DV2HXYMKD043J4B0XDNDO0D9BP1L35KRO5 RDPS6OKVIA5AW1DO8J0FKMANCYK0018EFQ3G22FXYWRAIIJWMLYLESYX71OU45B6CWYFYIXQGKHUISIL SGEE419D39T0DK JTK COCKBO', '118-8-27 0:46:2', '1798-12-23 14:27:21', 'XXO6NB 469QANVWMGXIL6238VFE7TLTJEGUCDAAIKN3WHT BPW7F6Q7UUC3 LDRNG0SLV5NSBYO26O0 M53QRE3P5 RQ5TJMKCLTOHHVT8IVRK UQDD1PUMMOV1LBO31A0N2TB FJHXITXOTN3L ECC1DDYTH8247LOJY27NVJLDGPPFWTLBQHN06VRWH WRWIMN8JVID7E0C6DW5XG02AQB5K0GQ0VG12QWB JJI6I3O1T21PL5C7JCBMJ77O ', 16, 13);

insert into user (userId, clazzId, userName, registeTime, lastLoginTime, mail, type, qq) values ('PT15GL3E6TEWLBXAJ CT1PVVGKA RAK9BF7C7 R18IJ35ADMXWP67RHUXP6 2HNMO39V6Q U JIA9PX3C5QK9HEYS6I52 YYCFKQQ56018MQH8YUT0WQ62AFNE70GSPTRCQFKCAS05E7S7KX7YXXEHII05DLEPRUA H0T41GB5G0HVEIETLYQH0HAF8HHANQ7SQ105O9BFNXD6US1PU6GMHOTH5QNXK4OJHM3V8KBCVDLUWYS VG667DSWO09PD', 18, 'HX650V14MT MTW83P2FQ5HELVRMU0P2TBWODPVUU25DWO0I6W6XVD6LJ7ST C9LL5KXYFKMB 6K8 P8LA4S5GI32JJVQPA0YQ4M3WT1011BM7YMTSB5JPT1SBUDBJOPU739KYGVMHB5LQOADVJTNHD0GJ1TPBCFHDJ3UG5B01 FG2N02M HT4BQ PQFGJ144IT42AJS41FA3QMXRJ9K 1QAFX16TPD1BES8 C5Y5AFK396FJPDAQNJ00QGUPF R', '1779-8-30 12:29:29', '1544-8-1 12:27:15', 'G9JHYD1L0V0EH4EYI8CM023S6P2G5ET0KB2QO6Q3T19U5YTHDGYJ075 IGV4B9NKBVPJ10I0GLAUAX6VHHJJQC2GPOW7XDT0UQEA8M9 67EQ7EUCC304WHV8UJWPFTCH0P1LID7GTJV2C4IY3163D826K8JUB5OW9KDFD41QWCSRDJDJK8SI7QIX7 E3CJNYQ73 F8TSKA6 1JYN6HHQLNGXT1 ACNI67ITQFO1GO7 4BI8Q2QREW6MD OOHCOY', 15, 4);

insert into user (userId, clazzId, userName, registeTime, lastLoginTime, mail, type, qq) values ('SS70DFHBQIOB7QF985BW7 950CKIG4LJGH3MIQY73XD7US77XMLEBARWYKKIQE98XPSUO73U5LQ094ASBH3YA0CSNCCO3P69085D4EEVAEA9YJKKQ0BC2DFOJKK7A M3JRB0LA9H05VSX9NWJD F81875 8DLONVFWPRE8QNUKMEPU Q5M7BT5SK09LOUL1BK61RC1RWB9X8EBSM0QB6F5VPOX7QBYGXW09ASWYG0RGGM42WIJXG5Y14QJUD C8', 19, 'EUWS6YE25CNQ4LW63WS0AYGO0JI LGQT1HOQV95C94LKGIHFFBKILH8UKKW47XF9BFO6EN8LJ95TO24KWNNHKWLCVD4424N8GAIMPWSQIDJ72QNDMW1 4ODYQOCS0PHWCNORQ6AFB8SM1IBA96RHCVSAN7L720B4J2KONBP6UK B4YRN8MLKG HPTPUQCS2L89INRMC7J5 S441JKDD9W3GB10 16EYRAUPALWYKKSMUUKMSWOPR6T52RWS11ON', '791-5-22 6:2:24', '1622-1-7 12:54:44', 'T4E GCVLBPV1W9FJV X4EN 2729R2IC0WLS089TRQS45D5TO1D0VYGDB713GN6W6ADP8DE18WPTWREPS CY9J748WHKU6T5CKV6TI6K5OXUVNKLH6LUIVUI6NP3 T3ER656XI4  UK6KVCMQWIPN1HFTJM4R3TJ58YUJL0EOVDPCKNDY87MOCH7BGU40QWWLQN8L7NHJ1RHH4I0X0DQFD7S62MLITIFLEAJY22CBETH5838VWB7R1CLCTU2UOUK', 18, 2);

insert into user (userId, clazzId, userName, registeTime, lastLoginTime, mail, type, qq) values ('REPOUMFU8IH6FH2LF7WYNMVM2TFNJ6TKL3JS19KMQHSCQODWTKFKF3KSDJV BUTES MHLNSB7LWG EPDA6R9O77ELM3IYH6GF50TG9WQFJYC1E23QMDSD897WS77V3489PO7P33GY112XXY PHP5OYPM4R69O7B2LRFBLP1UWV20RS6PDG1NXNUXQCY63UU IH32H5Q15TYSVC1QN6LXK6E6WBCRYO5VO2ARY1NY5QHDPE6B0DJU7XJ5FJ22CR3', 5, 'X8LAGPIO2QBNJEHE0MP8K09GN68WXI18176ABWE1BHMO7XGMOQQEI94LL0XX8DE7 1ENA5Y1OYM9ITQ0YV1LNXK84QWCPL7GA7284I61BX8UCK0MTCY5C8CFAG2KE8F8CW0QS8JR6SFQWUJY24U89GPOYXGXNJMABV3ULR1F M69OH3W6T1Y94GUPJ1K2XTO4K652NAL87JJFG0TJQYDMUW8YDWOKYLYH4922LCA7XKN6V3D7S3DRFWHU628BA2', '1029-7-11 7:58:31', '1880-10-10 15:23:25', '2RJWC8HR4SASGWR8E946BGKL4X25KVEAB4RIF 8XJTJGFB0RIAGXQ4VBBGJD5BP43JYMQWSMGXMMX1I2N NNHP9Q144FY7J3HVSGQVS4A99ESW20N3ON0A1HVJBY9 QR3TMDT12ASSR0QXNVR477N3ILQ2CN7CE8SQCN8TLH3A7NDKDKLFIPKP9Q2U17VDP5YVON5XGKT97J9GJG73KIY002LRVF9A1OC6URODY W 4YTILH3Y0 T3K8IJ129PW', 11, 15);

insert into user (userId, clazzId, userName, registeTime, lastLoginTime, mail, type, qq) values ('DGQMVPJLB0F9YWDOHMSUIORTGRVRHGSYUTRL6K9VLJTY17611B6HFW46G18 LNXFJFEJSLF325T0DKA4KLCA9  0C K6CEXMGK T1YSDS DU13O7FK4014T113SOXE0 A9VLLYJ6KSHQC U1T2EB1TNH9EYQTH HM3F0D4JC2 5YWOVOMH1RTJ2WJN2IQM5DRD21K226MLEJNPCOL0 T824A5964RXDDU 8NNL0EGECKQTBX6C6UD9G149EI7P ', 18, '0V981QHTUYUDK82SP3LVRHTTRDAO6SVV6MG49GDU4DM177FXCVDTCT6LI9SVDPN67QRY0XF5A1OQA0M 7 1GO3POP0CTI3VO72VRB30X E0NLREYNM6DDWW0LXBOA9UNQ88M68MX7LB NXNAFVY5V695X4PR7S2TQNVNKVVEEOW008F1OGAFI2L4VF69SK6HKHG08TN6DBR 3O0S  OUK0QGWI1HDP0I QEVW5WKE4K96KSM9SC57RRB R9S7OI', '1436-6-8 10:38:6', '915-8-13 6:56:21', 'I4HTFSEIOQMW8EY443Q3M4EYIFNBYNIYWUA62FLP45 8N8BVCGURUPLCLBD6Y6S2KHX66CRBDBQDLIBQPWIK5BP2TLPRWE 6TEJRAA07YUBAH93T8GQR3NXK 2IURUTGGF0HWUSFYQXKPGXBJNA889UJEXDUFY97VP KMKQ8YFKIR0GMQEQK4M8P UPWW2KWXVYW1UT 4R104NL9FXGYF4823TNP7DA31X50T2965XWNA3JWV0K9S28PQ95OC29', 0, 9);

insert into user (userId, clazzId, userName, registeTime, lastLoginTime, mail, type, qq) values ('MQKFMDNP2HQ2YMUHRPXM5O67YBDUJOEXN2D3QUD4QHNPJ2T W6TDWSY18E O11NMDC9TLC0N8XVF22XKHHSE7Q 7IR21PG515ST5RH BY5PG6YIE287V2QRFSKC73DVPQD9PP5WLL86 GA2BLT3UCCX IT4DRJVM8XH3RJGJA0YBAY9LFE6HXBBOH8EU3YDD9   73LQJ5CP43U1B T HSVTYEUXFVR1RYY27IB9B3CI75U1FB1JN4RBKLQ  WL', 14, '863OG89PG3CL4IG85X130JCWAHFIHI5TJO4  QSF9I3TY874JQMG6I0HK5G10D46VI4MPUOFV4AT6EX9HV9KH1D0U4NTQRW0617K W6DSSKX8X2N7XE8QVA7CYJF5K0YX36H36QY RC1KOAIFXCWRSVVTOH4QM9Q5TROFS54 QVROEL4H83RFCL JMJUYMU8EUC2DUIXVS5A4R7Y4NIJO23QELN4E63IQ65ACA4L7EXJFCPORF5OGEFCORG6NUP', '901-2-1 7:3:9', '1118-5-11 8:19:30', 'L59K2LFMI7KFOTYRFQQY0VLUWC2YVD5KBQP1 34PT1QTYBP T9NBDEV21XFK1FLNCTG4716K4XWX1EQ888M565V3P 0AJM84WY67W7KKINVG4PEV X1PXVJGMMW6E4WYE6WEXD4EDJYU3WWFJ8LYSDNWOFJ3A46ED32NQDNY3GTDFOCTKIHTJHYJXITOKTQ JUHNG1UGCTI2BTR7SM7SM43QKJ C7I GR4GWWA9EVIIOL25 61RB66M1XPQAWGD', 10, 17);

insert into user (userId, clazzId, userName, registeTime, lastLoginTime, mail, type, qq) values ('93X82UVUS 0J2PSCGDVGDX 7KEW1CVVJ71UCQ4FJF9W9SP1NQ20GRTBQHV9CG6WGISEFVWRXXCJG2765UYS00MBUJV9YPTGDGX2AA QPHRHOD4RG8S3QHMHDQNETLM6GRG4ET3HNUI1758KBYSKXIXM6KWUGME30PRLVDTFRCYC  9SMJKOKHMRC3ON6ASEI4OAHTOA7RW9JCUSF24K8UP93YIKT6DOMCFUP5319HJI3UH8Y5VB720RR7A6YVLQ', 17, 'TS87KU0MH3HU36MV276GAQNSBARGYA0NHPV8VBSX57C641YT2XXK3H1RAMKUWY25159UQBA79QN2IMOYST3FIRQ5 OMOAB6Q6A3BEC4YPDJGSMYWHDJRMNS3BWOQX3K8PXEUS1SWFCJ04SWMKKI4494 EA1LC 8POAM9F0P2MGK7CTHDM MQDOMGHE9MOS6I76LAHV6SL1YAXIOLDM QE21HXBFYRA9BLXMEVBEMTVGB1P95P40XXO1B9LYJ2A8', '290-7-2 2:3:16', '325-11-29 2:39:1', 'W13MOG1EJN0QVQ8AWUOHI JXGJQ5HX 5QKH10A8OXPAF U4XY026DF8E41URPAFJIOK7Q3UDXBVC5RNRE38 KN7BKAVGHK7N8T4 GCWP5WTKBXOCUNPHMDJSH92I63OH1OHNL2FSH PL7G553FLPTY8XY2BOUQB G1IXB JN3AMDB30IAAI 8IFP9102D5L 8UJWKIA8HO86W99RU9M6PO802K07GJ 7E7J12NUDC7OT11X1FJKGUWSL7AS0JU3', 19, 11);

insert into user (userId, clazzId, userName, registeTime, lastLoginTime, mail, type, qq) values ('39LNLAFXEDGIK2L3LWNMELC5YI9TT0VNX98TWAVJ8UMIHOJMT2O3D DLB27M97HU6ARD26KNIVIJ0CJCCRM2ESPLOL6IS6M 5T1 3 LF6WXD0RR10SHNBLUW3BQ5LNDY7UA6RUV7BY1M0M9TTEQQQ 6IO0S1IBS1YW69DVAO4KJM5R 1WD70SM1SR OE11QQ41RA08LT1SFJ9XTBK17YD6M9T34AAJ2TLWH5D4GTKA5BTXIM9ACT E3VGOAI3PI', 2, '1BECT21IHXC62I701OLM 9N8G9FQ3POTW  UK8SKIOCP6QVHOFP2BFB2OQFY1ICJDDLLG8DH52C00WNANDM142XY2PUBPV5X9FOI2JJ434AEPPGTV03MCIS70CCV4Y4EL89UT947C4MO8N9GK CBSOA 40844G68P0UBS81E8HG1AR1G746108RFB5AWBSDM77G0 V4A9S90ESU IFW2AFNJTGUJ32RQ1COH2ACBAP6NU6Q3J0D5Q7E93OQPN D', '2016-10-30 14:44:20', '1339-7-9 10:23:1', 'ABEYAE3DSP0PCJ61H0GLG24A7U AVULFSKVQ S835XGID21O2UJF6L3XEFI1HD0L416DTC160I2WS0O QGFD2D30PO020Y 9PX2 WY6YTEF50JT38NY6Y55RJNNX0411SOE1T8 PYOE2QMS5CJ382HWH8KVPH8DNI09QGMFQOTW27 LFNIXE1NMK 152QFST XUN7B4E6I3 X7X4P6S1YSACXW84MNTA6RIYTBD3KR8AXJ4HXI358RJ95A K9KL', 1, 7);

insert into user (userId, clazzId, userName, registeTime, lastLoginTime, mail, type, qq) values ('CEK9GQRG8G4KLXOR6NHRLTYGPINPOWFNPQPDL5E3TK0XWF06FHJV4OON9UFC5UK3H IFT9CROV4WJPW66OYM 1CI8M L3O38MLPL3EVP6L7JHV88GCO9I3STL1U6GUYGBBJC5HD7Y1IBMQ1MMQ8IXKW7OK AYE402WRKK58BWOT4JNAKA8OH3YJ80PYJ34O2KDRLMPT297G7NP36CDLOSCMDF7WV5DNNWTB3H2LEHD9B4MGG W2 GI503YDP785', 10, 'JB4NMJANVG5TBOXSSN5XD96GEXSCHXXB0JG RP91756BSRR4XDCIAILCPDXLENYSYGBUML9IK2XDAP1XBN5JTXCLTPBWDDPW42X C224 6R5HYTCMMC0BS R9LEBOCLV6OMKHQ1YIQ6GBNQMHQUEI1QHIVSA2OKXOWWF  7409VJ8S5 EPPQKIGCXR5UO9CC1KDU60BSCKL7341PSJ7L1SP1RPGM1O7FOUWNVSP46QDS4614XJO3W6N97EOO3E4', '531-7-30 4:51:7', '1692-9-17 13:59:1', 'U 2SDGD38RTRWK35VPPF4R8MPJLDNAOYB6QC3N1XAQ98BMRNL89K TMG5 KK4N8DJIU XEN4PAXGKC5W P F916N474X8T9WELVQ32BK12W97BQWH6X1 KVF4XKWTJMEUVHQHHYUSRLQ9JP7ILENSUJOQNE571WAQUO8ES76KUP4EG23IV2MRRP JWGFA HM4SQQRLJG S6QQUKHYRTIJNPJ42UPHCI6  6U X76NW94Y T EYUYC7P77DX3PL ', 14, 1);

insert into user (userId, clazzId, userName, registeTime, lastLoginTime, mail, type, qq) values ('TDLT9 T13C5NIWRIDMORSEU3FD LT3E9DL36KT8OYWNIBQ7FQ2RUROHGTYG6GG865FXUYF70KG4BM5MBAA91344B8TRD7OR2U2WSR19LHN10RFDFOMKJAC4RP8CW3YO40XVHRNO36CX5GNG HM64BRLV5PX2KAAN8QX 33A20QKQTPJ857P4IJ6UD2ANEELVVJBVBWN889TBE7XG1G CNN9S3DE WU849KF7DGX80NR24LL0FV 5XVVYW1DYNWJ', 8, 'GU5E661DC65B5YAHK39OTJV5PBW3N6MRUQ70BQB0NUHPPNJBFELWYORP53H0P1BDXF 0JGWXCMN EOT51WM76JIFDEQYJV9X5WSTRSX4QVVQNVS8XIRMPPO663HNE70  251HH775UOQHJUJH4QAA6GEGTXU00WVUQXFPRFIXOSUEB9N9GIJ8CW717GLPP1FBL7U 80 HGB6HB1RR7BUC1UEVSR092B9XAEDFW6794LYA0XSJWQUXGXEVYTE29F', '1926-4-10 13:34:14', '1238-4-26 9:38:28', 'ME2X7UYVQ783J4MTD6MM970GBCHKOAFXONIE1P2CULVKVG0SFX6324VMFGOCJTWNH7IXK3VP7C8RR9LAQJ55LM11E964MWYTCCFQ8SAIJHDO7P47P3LXNFDCI38DS7T0QWYV7N5IQMP8W0AUV7XCPGMH9SIBJGL5AA96BG5SUX527CNPY 13VHHN7R313FCCSCW8 4YO1 YK41PJS44P FKD6WHB7T 16JTEBI4UP1TXABUHFTWFH7CD3PJPFHD', 4, 0);

insert into user (userId, clazzId, userName, registeTime, lastLoginTime, mail, type, qq) values ('RNFSMNVYTGXKKD268I3TFVONLEOJYRQF44 3AX38QJDL0VM IC5QLHEXYYAAXN5KMRB7WESYS4LE2S0XAXB7M54PCY08B6U6PHW3NNGWS0FN PTN 75T NQL3MF55M97T6D0BOCIKY05IKCC3XG9P7UXK58XWOM8IKQ65VIY0ISWXRPY5TEHBFYM5KKMNFWJ8B9501R 27F133T2NIBKXB7ABUQG BXYL0GJ7EQ2MHYVBQBW7JXN49N8GWCU0A8', 19, 'L8B68L6WFPK8I AIB62KBW8HB12X8 WSAT5ISOV0MAK4F6H5IC2W9ODOVDBM3F NWD2MJA90CJTID29YAN64P5CHHWWQRDX1MKC27PY9T1WS6CRU3SMXYUYN8OTC59KSA15MLL VYBBRV9HH6IG7FPGNST1VD43FFKIEQ9TR91IGLMEECIQ8PBISKGF MH4B6XDQQIAMYTQ5OPSS3LDHGQ65LRQMBEQNDVMAXNPVWD9HKCEPJJ5RNIXKJWO0 JC', '1235-7-31 9:34:5', '1479-1-29 11:30:16', ' IUDU5M15BRT50ICU0RDAES7Q05KMU8844PCJUC3UKGH A FAV935K4GT7Q97AY9SC7X6IQJD9VO P37RJ2VMD9B63IPD7I JRUO9VSKHECPGJ9OFMI03V7XQ71GVOVW64RL2DL683PCISYTRWH8PS29P9HF5HYCV9J2P08FYNBN1YMDKDALHIXAH4GWJ1RN 9BWYIS47I45PDR4V4XN33XUVT4M1GB 89TBI9G4W9IU VYQ ES9479NVI7RJEO', 3, 18);

insert into user (userId, clazzId, userName, registeTime, lastLoginTime, mail, type, qq) values ('36455MLR9OOLUIAPBFA75140B4GC9EM64M1HVON2B8 WK3R6VX4CLE4W5S8VFC0VXJ2SVAYJOCJQU KRQEAWNCWMY0TF7IL90NCQEYEYC1G5JOIASIXO6NIBMEPRK6W0KO1AUN7T3GMLS7TBI13R4KDUPKBWO3TLFB4NSX0F8PXOS2472PRHPVCYE5X5ULP93EIC TXTVY5FYCG3ABRJ6YQ2JST3KIA1OP16AYDWMEX0TN9XNPXT0M5FO92NG6P', 11, 'BH92 RKOSMC69WXE J9T49TMOR3ROD T1NXB2WMCE9JIPHBC7IK0YIAJX8NJGBEEANS0 2Q4IOO887 5QLD9UR4CHMSDCT QCXQMI7EXPBL6K8W8RJM1QI06C8VJR3HW8LPKPEK2DC43ORIB7S9NSF9H928ACF5DUDQ4XXR7MJ3MV7ULSECEIBM6SP8O BS1QPSIS51HFDFCP5IN05TEN7EL8GBRWFO6AOXV6NYEHY2P0BJG6FTS96GFQ8XGKKP', '1297-10-7 10:12:3', '137-9-22 1:5:45', 'EKN8VQ9F37PI012PPKOVRS73CSLWUMCXY9WBOU7WMKQKEY6NHGJOV93OI7I1TQ86JUPB2TF38OER7G0EHUN9PCK9MYYU00VJY3T2YDWCCK MY66NX6 7UPW6 8O78FJ9X4AVI29X9JT9MFT206IK7Q2PYGPHMRAH2B6NF7U675GAKERDTWI04PQ8MC3IRHRHXBSQQWLHC8MWKXKBALBPCJ645V6RMYBJY2K4V149PX5QTSBPDVFB21BTIAC7L8X', 2, 19);

insert into user (userId, clazzId, userName, registeTime, lastLoginTime, mail, type, qq) values ('S12E6RG89V9UY44DFAQVKUAP2 9QWBJJ2LE9PKYRBLSE3OE30YA89FVVT8KQC10P9GL6F4OPBG9 GJP1059HNQUI8  XPRJMIEJJ8VB37S0WGUS9HXM0US5YPBC1XPM0SV9QAI4GQIDCO UA72D44WCWD1IRBAB2TYQ14VVOGARE2DPYTYI24GGE6LDMF35C2DYKGXX2PDJ4TPPKPO1WQY21U4W45U6WUJ1FCS2CLP7FGRNT3 4P56APUD LJE3', 6, 'HQY7694OVB0X4XKLGBADHMK5S4MILSM810 SFIGS7501TVYSEBENDDSE83WLVJS7CURQENOH62 F1HNTIS7SADGOO4YP 7A1CR AUQXGVWP3US WE5N WSCVHEDEFEJQC10LG2L VBJ59 HS3KGFT3CKCXBAPY5S1SVXQ65S4NJQ5NTP11XDI KQGJP043U9LU6I5096X4EYDKSI0B34GG6 ES27 8IOIV9N3NO 4OG MUDJAXKYXTMD21KLG57', '463-1-25 3:39:19', '457-11-27 3:44:53', 'XGS48Q8QX7O11XEVCTLJ4URRQK769H78 PY73L AXQ4HKU2O3CVHUM0SE6EH0HII2VDO63GFS0ASL0TUUK57RTXAA013Y7LQL 3NLCPE1QFFX7H7G03XQ7DU PH37NOH 1HCWUG18G11XON4X2QV3Y1O0RFPC8Q2PW448GCYYN FG1PR73BJQOEN0NTAKSJD8CYI8HOCUQCIXAUTABDI2DNCMNXDHJNY32572NK1JYIGAV P8VRL1HVWI29NB4F', 8, 14);

insert into user (userId, clazzId, userName, registeTime, lastLoginTime, mail, type, qq) values ('18I1L3RPN W64OI RV7SDT RPGRND2S N1Y3XBBRHJ6 YK1K SF6RIDOSRDXMC7KVWAC7W1NSQH6KGMVBEBIL7JP2LWUFF01C9H 6 OCWRBAHXPV4 7 J8T44JSISHP539A8F15CKOXY7XU34M5R46PNW111M3X5KXYCFRJOY87S1JSJF5R6UVUMQ9EJQ2HVJYJKM63XL1NGBAFTK9EI1J2VD667UGENAXN8CL56HFHM4WT0ID010JBP1IF9LOQ', 4, '6RB5PUKGKU2S3ITOMJ5N75NEKWF2VMT5EOCE KGMTNU0GM7 7R5CAAR8OMU1UGKNH0YCWBBI6JAGCCVR6FR8LDC GH0N7UYA5XWXV5EJKXH4413L0FNKJCRN1 EPVLTOM0SPCW9BHJBN2XD8Q09BL1QD879PMECPN6W SFRJ MFBJ8FKTUT1998IBIOQDVXBIVCOQE04KS93 YEOC0C02MII4PFL1J9P1V1BQHD5B01KS3KTX1K2KP32X05PJSD', '1115-2-19 8:43:28', '1185-2-7 9:8:53', '3TN72G2YMQI5F0OVI3TKO3SS7C0LXUL O0MT3N9I74J6X2V XY37UBI1QWJ279E77AC1FF4QOG0UH06OB KAC6A PXN0NFESXA67D31UHKVNUWM QC0UKR6QV852LNT7NPCVGGOWT6XEWCNRV6212PL8QLU6FRDPY8WX8X9PG7W4NG6N1QDGJ4E6FXFKU749YLYJJEAVUHE7CVF19ACTUOU2Q2GPKVJRHLE5B9RR4X0AAT5664E90JL64 GDK8I', 9, 16);

insert into user (userId, clazzId, userName, registeTime, lastLoginTime, mail, type, qq) values ('CF5LPSJA1 JH2MC4RLN86WLP39TSYIEUD2PDB3W7PVA8HQYR7K4CATPJE0DMI0H3NLGJGBSQUBETPDB83LJCTR57LQAV9F84MX3EMEMWOWA2JC97M8GR5NHC66G6K23OBB1V864VXNAHTCXIJG6VU8JN5JHVQ1VO8FJKSF7XX E4F0R55NVLD8F22FTW7EM5GCKOUT6MHNGUASG8ALEI9BKM VOTD6OCJKX4YWKJWW20B6 2AIFU5YLIKA2YQ6O', 14, '3MBN4C5KUUQQ1EIKBNS4TD0TWO175U0G03VM16UJICS4DC0CP5JAF3WS QURQ D40VH8JVXJQEDR6491PN28TDNDF2USS 26WYLGU3M25A51PBU55UEVGWH9I4V EX4PLR04SJ3YNQ60TGAE2Y4WJEICLX6WBVH56BYSWYCA7YVM16YUKS5QWLQWB0FSV 14V62TB3EEXT4IM58S NSP1B0FCENR4FIL2FDDWR3Y7L56E19TSCTS3B9PMQCNQDL', '232-2-12 1:11:15', '720-9-15 4:56:51', 'Q203GMI J2G6910E14IU48HOJNKSMW9BKSOSGPNR4227B8ONC0UW1SRM03VSTUGPFGG5G1O9A9QEXOMUNJIMX64A5VUNIRWQ8K9P 453HCHWVE59BXW202XYE2KHN85XO60YWP670QDS6I4NE5G6Q90AXD3CE C7B2O9CND0YGI06AV3SRMPXORGP5K47U3WCN8XP0VA590IG6C571 GKG4VFI3PUVKQW1O4N DA8I10VTYQ1V010UHJM2URB9I', 5, 10);

insert into user (userId, clazzId, userName, registeTime, lastLoginTime, mail, type, qq) values ('NL 6HO56H2DLRJGL41YEGKLH6WHQ7Q8JKBWOXOY4EF29TXVW0YYMW7LI2OPA4X ESV1JCKMRDWEYMHKNI X1CQ56W4L0 U3R7YGO82BTPX9F6CL0IMNHOTG9IY62M3 ERSQRTV66SJV79KXC4UEJD7JVVFWBN93AN7SAVQ6269VK7ADBK7RKMODE6DNH70RS7HXJXF91N6CK1OQW8RSP70UFP2N 606GUFWH4R7U1UQ3HXOBO5XVN0OYXFK43 H', 1, 'TCMBD2R8VF6NVVJ8TM9BTUH4S53D321UBDXQI  GE8YPL8D4X9BWDTN9146 H3PTU00WBGAC EUR6ADWLMWIV2Q83X6W2INTIB1G0VLFFWAQ7KAEJT0HGDOHV1R7TK66OFSHNDU3SRAX14YEQ45M26GBK59DGAN4YPGG2P2MD9D0TU9IIXA3FK11N2DCJAGQAMW8WA89TSK3H33BES0G0AHTVSGDFT 1VSE5J6D40WGPR2E98FFQ5PTO9FD76TP', '1551-10-21 11:15:51', '795-10-26 5:55:37', 'USW3X6V2LL7R9NXP7JTA1VBVPM800WA4RLOKDJ7P9F0EU6G2AQ4EU1DR4H U 8I6HSE7C8NJNPB697H35DM0UOT8W2 M45J BHS5N3 FN71FXQ6BB3WRC8JTL1KLTT7D1P5K188OHFVF52 VT62CGGJN5SO4CNHOT6JO3 H6SP4I6RFDYT0HAC1BWK KVCGT7EMQD11AM5Q25O6YKW8YT7F1MBQAHXE78PP BAC FLBI3X5BS5VIYM7HFTWP6NS', 6, 3);

insert into user (userId, clazzId, userName, registeTime, lastLoginTime, mail, type, qq) values ('67HU 9MSKFFXSU8R2MH0R1LL5GTJW3NO43GBMSTMJ J704WI WFBW5K5J25 31SQPGUART98F2E810594J7GJHXUUPWSCD7HNDL3L5X247Q3SRDDUQHKQ4K45F2A 8QO 37J17RIT1SB1EV0SSL2BSI8SI456G8 Y1ORT1QS EBSCI0AU69VVXQEDC5HUHLX4RKDFEX2EAOT0D98ALU8TLBQTHQTQER0C 0D6QCF3SO35Y0QJS7VBIBA9NY1BYO', 0, 'Y61TT43M74B5R5G3S5Q5AVX5N5AG PW2B CJEMF1GNXBKXQ63KQAY1LMK6TN7OBLUDSGDT8ROAP2V4XOF5LKWA4C95LDTIXS6LM2N65 O3V6SMTOVVP6S1HJEAEL5GC9WBBBK0LV2CRUW R7E0KULFFEL06TYJRLFEEPTEJPEOUT4NTFY1SWRH87C2Y3DJ2E41OAK8NP4VSGTTOGBT834XW63F Y 1RD9OYMA487M6FISEPH8FUSXB3O4EMIQD2', '651-11-9 5:27:41', '1-1-1 0:0:0', 'T96SQ90YO2Q58YXAP80R GF2WXN3AU2632PICHNOEU06QKESUWSC82SS034IIA0B3VW6420DOFNYIPA 06HQ4E4F5AC5W8L4CA8PJ565JVMQ22VC1WXQKW423A7H B8MWAWQYOG6LOQF 5NH99RSI2S17AETB0L1FBWIVIHVYQKJUII7JVBYY7CSEXD0KRMR180YQF6RACFCAGIHBSS0UJEX25DKBXLAF7SN45PJQ8HOYC0EJF5C98P86FEQ8R1', 13, 12);

insert into user (userId, clazzId, userName, registeTime, lastLoginTime, mail, type, qq) values ('MRKK3414UD9PSOTSODQPUC2T 7PGIVMC RLFE41C6U3OE781QVJ9PMA0MDOFXGGRC078HR379FX1V83BLBHBCOV00SQLGW50SIR8YH8UR7IQIYY7SD V2T62QS85MU54AHS5TH5JAPQ94E1BRVMFM37DDWOVDOHARHW9IP6GDLPPTD78V 403EN6E0O22KTL0BYEUX9YDWNK5E0NF7E62DRU5A2LHJK8S1WU4P3ANXX 4VM9J9H3GFKNX4TQS9P', 19, '611DU0IAH6XOE47WOA8RVSX41PKGE0OSKH52J LGX WO0HPYC2W9PSWWLXR5RLWG9LAFX1DYX31QQR87QYCS8D33TU5KANP72B1YNBLTVHO7KFVL3CTYWF6X2E3P7SLUSDAC DTK94ARY8ISUGTHQ6LDVGAR9 TUAI5FN6EIJQS3YDS3AF3A9BJ OSR1RNFCGB16Y4FK73832G4FTDPFIX1020Q0HM846BOQQ S9US2VEIQFW8152JVDJQRBR2U', '1-1-1 0:0:0', '1043-6-9 7:20:44', 'CRWLUJ9J11IM1IBQ7MM31ABGL6I9B2DPPSCHDL8G9FOJNPIKBLM4SYQY53OJTHTPES0FUWHFDOOQB9XSC04K GCY3GJLGB3FLJR3G2CUO3TEJ GUYW4HMYXCTC3L B1HKETX0T08NJVLGNXL3V3QFL5DWDUFXBFUT7W52UMHXD 6V431R2YXPMMK0NMTD5YOXD1USW8RAGNO99KK63YIHARQ1UN85R7IOSQT PQIO9WJP WTP7RNFW0X06L O1N', 12, 5);

insert into user (userId, clazzId, userName, registeTime, lastLoginTime, mail, type, qq) values ('FP3VIXAYTE84K2XVSA5LBMROXW91GJAWEA34TBTTXTNVGSHA Q622BED46P05PYIFYY5MR6A VC3DG70LOWG0O2MMPO5SPBHT3YIG40NGJPRIOMUI 7EEBC0VFS2TB9HWWJY9OQTTOF1NEYAJA7R 5KSD4THAQGS0LIEM3MEJ1H9139EKADI1LTWNIXBRKADL6XXJGNL5A5WIJD0HFCSEF0V67HL9U0T2N5QL9MB80YKEXVKA54WEUSYMQ6KGYL', 4, 'LFX1EAY5U0CXMKXMB WOU2 MLQENRIMNU5HDNKN06B6SOPKK2J4J 6LLV9FH95BTNC892Y1LTENWLHM583LTBI2Y4R3PYKLAF3BHFEKWYX0S23RN17Y NVILTXMW39AT6EQ7OE1QGLD8WB08DGNS FH75G1228NVOFHSVXNOS5TC3DUSTG38I V9Y5FEH0BS99FV8J234CAHU220IUMOJV00QQNF1NDM 2AH7BB4BYOAEQ CCBGOIVNIM0KYNR9', '378-3-11 3:8:7', '579-7-29 4:31:43', '2 YVL54 F6Q1V08JOT3HDSRNJ1CK21WQG TQMFYRJ2CVNLYSC6 LEL8W5JM0D1EP WW1 L3O3Q6KJJ4 BOP1AGOUQXTSH1HTA49VN5DCOQQO4KT7C7J3DNIIHW87R58588GRC5S65S59M42LG CHQ35TU8PXG3PR0WNMJD9LKS M57 3 8IC9D4LNVN3G70K31FRI8SVERFNIKNMIFW5NSWLVXY7IKAE8N YCTE6BW6HCJAWX6 WB61FWO346UP', 7, 8);

insert into curriculum (curriId, userId, clazzId, curriName) values (5, 'DGQMVPJLB0F9YWDOHMSUIORTGRVRHGSYUTRL6K9VLJTY17611B6HFW46G18 LNXFJFEJSLF325T0DKA4KLCA9  0C K6CEXMGK T1YSDS DU13O7FK4014T113SOXE0 A9VLLYJ6KSHQC U1T2EB1TNH9EYQTH HM3F0D4JC2 5YWOVOMH1RTJ2WJN2IQM5DRD21K226MLEJNPCOL0 T824A5964RXDDU 8NNL0EGECKQTBX6C6UD9G149EI7P ', 1, 'LIAWQC75CKI8NXVYR1CMEAC6LY 3SW 805LN5M2V4XS3WDU4I43M6SI50XOQR4JON91YS8VWIVX7 KI3XYDQRJ  NESNLQ5JARB2AIYJTS62PGFL1L7 BAR0IDEM3JH49VVTCMV9VELRVTCIIJG20R0S9CH72CGUFAYQOQJQ0UY5BFCXEMTB2GA2 3QGEU9E52L  V3P6PWOXWS E5NPSXENDXM7YLFHEPMD2YY3SVRFLRB1OT5XEJDLMIGVN4P');

insert into curriculum (curriId, userId, clazzId, curriName) values (7, 'DGQMVPJLB0F9YWDOHMSUIORTGRVRHGSYUTRL6K9VLJTY17611B6HFW46G18 LNXFJFEJSLF325T0DKA4KLCA9  0C K6CEXMGK T1YSDS DU13O7FK4014T113SOXE0 A9VLLYJ6KSHQC U1T2EB1TNH9EYQTH HM3F0D4JC2 5YWOVOMH1RTJ2WJN2IQM5DRD21K226MLEJNPCOL0 T824A5964RXDDU 8NNL0EGECKQTBX6C6UD9G149EI7P ', 3, '3L2KFQUU2SSQ79GSNYNC98LM1GU8KGS5AQHU9TASSP5QGWDGFI8YPOARD5HT1CX3BBLMN5X1QJ6I7HPS84EJV2QQ0G9TPBP6LFKS2ND6GUGJ91OI12HE1UXPNQGNNGB9NNV2M811NQY3YOCP 86O4FU62TSFLSPJ71G 3VBR7S2AEFNNBYN8QB9X72B6VFUH59MSVKIQ57LY9GIYJ6EQ40YY7GLLLJKTHI4J1BRNPLRPXVQI8BCN70INBEI7EAM');

insert into curriculum (curriId, userId, clazzId, curriName) values (12, 'PT15GL3E6TEWLBXAJ CT1PVVGKA RAK9BF7C7 R18IJ35ADMXWP67RHUXP6 2HNMO39V6Q U JIA9PX3C5QK9HEYS6I52 YYCFKQQ56018MQH8YUT0WQ62AFNE70GSPTRCQFKCAS05E7S7KX7YXXEHII05DLEPRUA H0T41GB5G0HVEIETLYQH0HAF8HHANQ7SQ105O9BFNXD6US1PU6GMHOTH5QNXK4OJHM3V8KBCVDLUWYS VG667DSWO09PD', 5, 'LEH23C57G686XEXYH5DV6IXILYUDANVM28E1257UF3UVVDRUB8SOC9BFOQDW DH6VI1XTJKK33P8G6OUQINYYDVL2DY847GPUTP5L6E690L4GTXEQ8I8KB797Q6XBH0K507FBFUE0SWREXUUMTGHJB0NUX6V16J371XXRB5VQLFTMSQEYR33071S03KHGWCEP0Q9FII42ONB7E07LSMTWH0OYNIGLYULO72DNC8K HFQ1C19NQPVWBR8A2P 7BG');

insert into curriculum (curriId, userId, clazzId, curriName) values (11, 'SS70DFHBQIOB7QF985BW7 950CKIG4LJGH3MIQY73XD7US77XMLEBARWYKKIQE98XPSUO73U5LQ094ASBH3YA0CSNCCO3P69085D4EEVAEA9YJKKQ0BC2DFOJKK7A M3JRB0LA9H05VSX9NWJD F81875 8DLONVFWPRE8QNUKMEPU Q5M7BT5SK09LOUL1BK61RC1RWB9X8EBSM0QB6F5VPOX7QBYGXW09ASWYG0RGGM42WIJXG5Y14QJUD C8', 3, 'PD3WOHSMLNN9XQW9JKLKSHH18V2DLTILKD7OXTH FMV56S06W0LYMXGRDUFABTVT1GBFDBPP7M2L5F983  5R9DR9M6QH98KTSBPLEG60RBOXLV RPA 0B0 FWFIX28EHRAML9BTUDUY 4Q0IR5RKOTCANI0SW3XM1EQTXI2I11K8KGVTYCF2SVU56U3O8MQLK27261HUQE5 A671CSBKQXGA 36MAGGTMSPKJEIIKMWWDSNGDMFFJD8UX 703P');

insert into curriculum (curriId, userId, clazzId, curriName) values (13, 'MRKK3414UD9PSOTSODQPUC2T 7PGIVMC RLFE41C6U3OE781QVJ9PMA0MDOFXGGRC078HR379FX1V83BLBHBCOV00SQLGW50SIR8YH8UR7IQIYY7SD V2T62QS85MU54AHS5TH5JAPQ94E1BRVMFM37DDWOVDOHARHW9IP6GDLPPTD78V 403EN6E0O22KTL0BYEUX9YDWNK5E0NF7E62DRU5A2LHJK8S1WU4P3ANXX 4VM9J9H3GFKNX4TQS9P', 5, 'QGQ9F DVQ42KJ5SUWBO46KVA9T4FNOF9BPNA5BSCR5 8986HPO6NL6ADL7XJJUXMXMIW32PC51ASV20JQK5T8Y20EU1JF4VYB5N932S2L2CJP LIUV2C3X98TIDTCJH295QMGKHEQGRXKQWKSGQ4UKQQ2V8YWLNFMEOH183UBDCNTGRHG076KQ5UDI2L92378LPH96LJ2SBEDOTQO6UPXQWJXWOO2895 BAC0UTCQO27NEEFDHA3486I3F65IRH');

insert into curriculum (curriId, userId, clazzId, curriName) values (0, 'S12E6RG89V9UY44DFAQVKUAP2 9QWBJJ2LE9PKYRBLSE3OE30YA89FVVT8KQC10P9GL6F4OPBG9 GJP1059HNQUI8  XPRJMIEJJ8VB37S0WGUS9HXM0US5YPBC1XPM0SV9QAI4GQIDCO UA72D44WCWD1IRBAB2TYQ14VVOGARE2DPYTYI24GGE6LDMF35C2DYKGXX2PDJ4TPPKPO1WQY21U4W45U6WUJ1FCS2CLP7FGRNT3 4P56APUD LJE3', 10, 'PT281Q4CR5WC3MYOCHFFTUB 25FX7BQQ0N7KNHBKV454CS5LW AGKEH25G2J7RLXSH2MEP4LJJ5PE63V6UEV4IN EEHXLN9MFBU1QHNE5AENRBF1X4UFII403DNB29Y827PO5DFNUAFS6B4BJUR6UALB6TJ6DHFXD7LREIBWDHK9JSKU243EF57R88XAHPQNQHIPCJPD6W3GVVKE72QPO1H H3LOISF6739A0MA5BJ82CACODUG08ECHVY6OP8D');

insert into curriculum (curriId, userId, clazzId, curriName) values (1, 'RNFSMNVYTGXKKD268I3TFVONLEOJYRQF44 3AX38QJDL0VM IC5QLHEXYYAAXN5KMRB7WESYS4LE2S0XAXB7M54PCY08B6U6PHW3NNGWS0FN PTN 75T NQL3MF55M97T6D0BOCIKY05IKCC3XG9P7UXK58XWOM8IKQ65VIY0ISWXRPY5TEHBFYM5KKMNFWJ8B9501R 27F133T2NIBKXB7ABUQG BXYL0GJ7EQ2MHYVBQBW7JXN49N8GWCU0A8', 13, ' H9LJLG83JH22C7H1JN FU75FYE6XJ WEW65PE91S7RKPCD1PENWGEXNWX 39KLQHG2HFXUONEIOI 2DM95PS0MYNODAWH103U62KVHIUSV6A44EK6FTFWUO8Q70A9Y9XDU88 0ADQ1T4PUB1QQLOGPR1A7E4VEFC CBW9S7YA87EV4RE9G736TK762LGL1ULC2G8TOT42NWSWCSPQ TKSBWNVJJKQ0AMQER9W525FKA87FVVQNH66XW1KF51T0');

insert into curriculum (curriId, userId, clazzId, curriName) values (15, 'MQKFMDNP2HQ2YMUHRPXM5O67YBDUJOEXN2D3QUD4QHNPJ2T W6TDWSY18E O11NMDC9TLC0N8XVF22XKHHSE7Q 7IR21PG515ST5RH BY5PG6YIE287V2QRFSKC73DVPQD9PP5WLL86 GA2BLT3UCCX IT4DRJVM8XH3RJGJA0YBAY9LFE6HXBBOH8EU3YDD9   73LQJ5CP43U1B T HSVTYEUXFVR1RYY27IB9B3CI75U1FB1JN4RBKLQ  WL', 5, 'W83Q69 5E7CCQWFUUIJY4CAU7V2K7QJA9 1KNQN5L2G8IBAM043CKSCUSETSFSPMC6SB KM5UG2NRAP81V BMHN71OYYEMB8IYAKVVSQRS4 JURR0SFEXOOPSJ9 NXJ0K63TX09YB98NTCNSEOB52W1Q8K6UMPM9PJFNOP6F VN4GFQF3285H K505SHL82WIH6NKW BKFBVAYLCFBE1L07C4HUWU0GB 9VIXT59BGSFY4WP3KMGOE1A2HQ6IWK');

insert into curriculum (curriId, userId, clazzId, curriName) values (8, 'MQKFMDNP2HQ2YMUHRPXM5O67YBDUJOEXN2D3QUD4QHNPJ2T W6TDWSY18E O11NMDC9TLC0N8XVF22XKHHSE7Q 7IR21PG515ST5RH BY5PG6YIE287V2QRFSKC73DVPQD9PP5WLL86 GA2BLT3UCCX IT4DRJVM8XH3RJGJA0YBAY9LFE6HXBBOH8EU3YDD9   73LQJ5CP43U1B T HSVTYEUXFVR1RYY27IB9B3CI75U1FB1JN4RBKLQ  WL', 0, 'HJWQV 0EITABC1GH86QH3YSBFLVJCM0BV 6KFW9JQ52R73MD68G4OH3HS06YH5PSHLOWWQNK9ROPMHPO979EXAM4V QDRXP8UXRW2FLNUITA9J0SVDDRN9SXQIJTBRW011LEQVO2UMYGRH43RHUENAGS03H D9KQPE3TPTUB4TBNUFWADQH4R1NRTL774271WUYCVYB025Y28EJ4KMWCV6P0SB4HUNMTDMOR2WLWK3NJRCFJR4F7U7BY4WFGSDV');

insert into curriculum (curriId, userId, clazzId, curriName) values (18, '93X82UVUS 0J2PSCGDVGDX 7KEW1CVVJ71UCQ4FJF9W9SP1NQ20GRTBQHV9CG6WGISEFVWRXXCJG2765UYS00MBUJV9YPTGDGX2AA QPHRHOD4RG8S3QHMHDQNETLM6GRG4ET3HNUI1758KBYSKXIXM6KWUGME30PRLVDTFRCYC  9SMJKOKHMRC3ON6ASEI4OAHTOA7RW9JCUSF24K8UP93YIKT6DOMCFUP5319HJI3UH8Y5VB720RR7A6YVLQ', 6, '03YTHAR8EYTI9RND47OLB8QAM05AL2DLSMFVXE XE95R1M1P8R3POFCQSMB2RS3BIW2EYXO1RK8WXQO4GOF9A14J5WQB 3OHXW15I74WT815MGV2U R5QMLETRVU 43EFPF5P21LGQIYUMAO5R5KQAOUI73SNFP42F8RWVK0AJI3ML0WQ4HY5OQ3P6OK 8DIJ5AKHK8TK5PL1BKJN7N2 YF9HQUU768681EF2JYH63SUC8V1K5CWGUY6IWOMNH ');

insert into curriculum (curriId, userId, clazzId, curriName) values (3, 'S12E6RG89V9UY44DFAQVKUAP2 9QWBJJ2LE9PKYRBLSE3OE30YA89FVVT8KQC10P9GL6F4OPBG9 GJP1059HNQUI8  XPRJMIEJJ8VB37S0WGUS9HXM0US5YPBC1XPM0SV9QAI4GQIDCO UA72D44WCWD1IRBAB2TYQ14VVOGARE2DPYTYI24GGE6LDMF35C2DYKGXX2PDJ4TPPKPO1WQY21U4W45U6WUJ1FCS2CLP7FGRNT3 4P56APUD LJE3', 15, 'J6BAIFT38OXAD A7QV79SWKTF9R53TWKS04JAHVD1BAN5I1CPIKWBRV0GPG6UDOGW3SNHAP QYS89PIDT7IRCR3UEL4LO3NGMEJ123YFW43C8F8UP9C70N1398W3N04TGLP1D9NPU V3RRDPSMCIRF3XSP2B6806S LVXCG7REVMVVJABYXUA64XHNSTW0OMNJMNL1HNIUUVV4VD7JGAL7J2ODE QT2KYT6GJ7H9TILQB2439ACUXXCRFV56X8M');

insert into curriculum (curriId, userId, clazzId, curriName) values (10, 'MQKFMDNP2HQ2YMUHRPXM5O67YBDUJOEXN2D3QUD4QHNPJ2T W6TDWSY18E O11NMDC9TLC0N8XVF22XKHHSE7Q 7IR21PG515ST5RH BY5PG6YIE287V2QRFSKC73DVPQD9PP5WLL86 GA2BLT3UCCX IT4DRJVM8XH3RJGJA0YBAY9LFE6HXBBOH8EU3YDD9   73LQJ5CP43U1B T HSVTYEUXFVR1RYY27IB9B3CI75U1FB1JN4RBKLQ  WL', 13, 'WD5P74UNN67W02CG02U1FVY RMSEN 1DUBFNQ24PRTDMFASO5VG1T90HAXFILN3T5 9IUDDY1T5NKDF1TV0UQ70EXRPV00H0UGVU69189 BWY0CEUX30S4 SQBAXWEGKGG66A9TUNWAA08V3FPX3IM6A3MD35FCKUKP3O8GPV 6T2AG04OEQCRX1TGXXJ1QOB4O9P8W7VDQHDOQK 11ILPSP6CIWQE93L9YBOP9951CC1AFOEV05J0EHRODKB T');

insert into curriculum (curriId, userId, clazzId, curriName) values (14, '36455MLR9OOLUIAPBFA75140B4GC9EM64M1HVON2B8 WK3R6VX4CLE4W5S8VFC0VXJ2SVAYJOCJQU KRQEAWNCWMY0TF7IL90NCQEYEYC1G5JOIASIXO6NIBMEPRK6W0KO1AUN7T3GMLS7TBI13R4KDUPKBWO3TLFB4NSX0F8PXOS2472PRHPVCYE5X5ULP93EIC TXTVY5FYCG3ABRJ6YQ2JST3KIA1OP16AYDWMEX0TN9XNPXT0M5FO92NG6P', 2, 'HRW2WT8TDJP3F57IV6Y8CAGO4OIDIUIC5DQ6S5TYJ9WOULT05JU5TY6JVBS2DN22UC85PRO9AYVHQBT705X BFH6KJ7OR4W9U0MGFJBHOQQI803GK CHMM2VHN61EFNF04Y8RAIHB0CILEYCDJ 6MAT4JA NYP65QR2AKQBBAPAR 0VKMNM544 I2INQ6 M9VKJ3OJ45B11AODO YJP81Q1T1UY2U7GNVFQR18JDJRSQYVELKWHV9JQ0W4J5R8D');

insert into curriculum (curriId, userId, clazzId, curriName) values (4, 'DGQMVPJLB0F9YWDOHMSUIORTGRVRHGSYUTRL6K9VLJTY17611B6HFW46G18 LNXFJFEJSLF325T0DKA4KLCA9  0C K6CEXMGK T1YSDS DU13O7FK4014T113SOXE0 A9VLLYJ6KSHQC U1T2EB1TNH9EYQTH HM3F0D4JC2 5YWOVOMH1RTJ2WJN2IQM5DRD21K226MLEJNPCOL0 T824A5964RXDDU 8NNL0EGECKQTBX6C6UD9G149EI7P ', 19, 'GPQT1K8IHOWHF5SFK6T14R065LOQ4QSDWU9QE7X641 WBLBEA2P7RIFNGP7OSOIQFC67W J15BWK1OL860HK8I0SD8SDKG10KR2R9YAVJW UVSM4XBEJKUUHGRYGM R214XNW36PFMWTRECKBV7BHK YDFNGO831R44YWL8T2TUD9 JBA1YSERCL1U5N57AAPVHIXHBVYFA5N1 FYP6RBLR7H6734WKJ418YC 7QNW6NU2B8MDRQY80SU6YMBD0');

insert into curriculum (curriId, userId, clazzId, curriName) values (2, 'MQKFMDNP2HQ2YMUHRPXM5O67YBDUJOEXN2D3QUD4QHNPJ2T W6TDWSY18E O11NMDC9TLC0N8XVF22XKHHSE7Q 7IR21PG515ST5RH BY5PG6YIE287V2QRFSKC73DVPQD9PP5WLL86 GA2BLT3UCCX IT4DRJVM8XH3RJGJA0YBAY9LFE6HXBBOH8EU3YDD9   73LQJ5CP43U1B T HSVTYEUXFVR1RYY27IB9B3CI75U1FB1JN4RBKLQ  WL', 7, 'QCVXO79MJY6U2DP2BO01 NVPMH1XV6QM4T3MW6I5QRR2FGHPLQ3PLEQEBWK38O2B9A0RLL B35PYI03K8HOXGW3KQR0SVKIVYHD5HF IKCK3WI5YOUC87F9K1U8TS6A19GJ04CT3GQFGY6C OU6J9 JOM3LAOJKFM9D1TNT8DUXESTGS7QT7T7938OYT4ALKM8B8OAC44E7PC 6CMUG VDVVUVRDETNX8S93KVSQU8 JASBIFPR27EQ1Q2 CL10');

insert into curriculum (curriId, userId, clazzId, curriName) values (9, '18I1L3RPN W64OI RV7SDT RPGRND2S N1Y3XBBRHJ6 YK1K SF6RIDOSRDXMC7KVWAC7W1NSQH6KGMVBEBIL7JP2LWUFF01C9H 6 OCWRBAHXPV4 7 J8T44JSISHP539A8F15CKOXY7XU34M5R46PNW111M3X5KXYCFRJOY87S1JSJF5R6UVUMQ9EJQ2HVJYJKM63XL1NGBAFTK9EI1J2VD667UGENAXN8CL56HFHM4WT0ID010JBP1IF9LOQ', 1, 'TOJNG6PM3YDGI51P4JYY DXCGFV3ILN2IF8JLWOB 5YDM486V3HTPN65YT0331W44BRE7 EC7FC19BHMCH7MN83P8 FJODRLRC7ACF37E0 89JJX2FC7JX8IXB5JBSTXDVRUI0OJ4GJCSCV2HX4XNHT5JHENDADKVKU4LBOUWKR7I6K0W72NHBQ9HIJ2OOC Y9YTXOBT3GM8F6DQKTQS4OIG5K3EIH9QE7T358G3YI8E BOBLMWAYKCEQ8RXG2E');

insert into curriculum (curriId, userId, clazzId, curriName) values (19, 'CF5LPSJA1 JH2MC4RLN86WLP39TSYIEUD2PDB3W7PVA8HQYR7K4CATPJE0DMI0H3NLGJGBSQUBETPDB83LJCTR57LQAV9F84MX3EMEMWOWA2JC97M8GR5NHC66G6K23OBB1V864VXNAHTCXIJG6VU8JN5JHVQ1VO8FJKSF7XX E4F0R55NVLD8F22FTW7EM5GCKOUT6MHNGUASG8ALEI9BKM VOTD6OCJKX4YWKJWW20B6 2AIFU5YLIKA2YQ6O', 5, 'CRU8NGVMBQEU51AKS2QINRT3SF9DCLINEIX8RBB09I1VHTNQ9XHNVT09D8RWXCRJI4G 6N0FMAOWXYMKV1LJIQG X53IGLG9CUTS7T7D80UMKJD3S4 JLJC471XJ9K3OKXI3OJY UG9  1O 6XX9RNL32N6E8YXCVIHK Y23CC2YBA7MAZWD4YW3DO1QRUYD1LU 0N44LCKS6LDYCRPRCPRWYQ0BQP MS4297KJ7H0ETTNDNOOGENJGXTAV3MEM');

insert into curriculum (curriId, userId, clazzId, curriName) values (6, '39LNLAFXEDGIK2L3LWNMELC5YI9TT0VNX98TWAVJ8UMIHOJMT2O3D DLB27M97HU6ARD26KNIVIJ0CJCCRM2ESPLOL6IS6M 5T1 3 LF6WXD0RR10SHNBLUW3BQ5LNDY7UA6RUV7BY1M0M9TTEQQQ 6IO0S1IBS1YW69DVAO4KJM5R 1WD70SM1SR OE11QQ41RA08LT1SFJ9XTBK17YD6M9T34AAJ2TLWH5D4GTKA5BTXIM9ACT E3VGOAI3PI', 2, 'KYYUIH1F4YQHJWI62K1GIRJ09UQP4F98BCT7 EVSAYW1MQPK3E1EDW68P0DSONY QUED3X7ASIRIX252EIR5JWBTNEFR5CMR8D8 DOOFDNHNE730AB9 L2925 0J33QCWSTTLO7JFF5J60AINBGBD9P8YW6A7 86I4H0LK9O0XPGJUVF2W5XTUQ8F7SGEPGJIBK0FIKNT910YNCGUN2V1RUSM1QSND3I F7GA7E49L 31TM1U1WIAF G8MRC5QB');

insert into curriculum (curriId, userId, clazzId, curriName) values (16, 'CF5LPSJA1 JH2MC4RLN86WLP39TSYIEUD2PDB3W7PVA8HQYR7K4CATPJE0DMI0H3NLGJGBSQUBETPDB83LJCTR57LQAV9F84MX3EMEMWOWA2JC97M8GR5NHC66G6K23OBB1V864VXNAHTCXIJG6VU8JN5JHVQ1VO8FJKSF7XX E4F0R55NVLD8F22FTW7EM5GCKOUT6MHNGUASG8ALEI9BKM VOTD6OCJKX4YWKJWW20B6 2AIFU5YLIKA2YQ6O', 7, 'XLGJCITCHA46UIC3ENO5E0UEIK3HDA0NFTJJWL3EXN19RCQHJG6AGSJW1OPHIHY2CMR3O6C0GMMPIJ0Y954OUDHJW8R7KGVWXR92H4C1R84 4EQ1496L0LBWQIH0QYMX4K94EDGOF4VCW80PIY26PK3X0I97G JAO2XXS2JKRL63DNGDJ3IIXHIXVUEXDMHL3XH0CGYTVKGAGB8R468M ONOCUBBJ7YTQG9S 1PTLQ207212 D1CFPAC6EGB73U');

insert into curriculum (curriId, userId, clazzId, curriName) values (17, 'VSCFJGYDYLYIPDPWCVWVD5QM3Q6K2JUU5P5V1ANL3MRBJ608U7276 KVS3XPIWGEROMMMI1X9ET  LX8TTGV8BYCE8 59DC81XHSD93SJ04SGRBM8 JLJLTC3TLE5WUJMR U29QG8O6F2I 3F1CMQW76DMJEN5DIGOXNDY16YT10Q9W7WMFGEY5Y O5E4DB2QALHME10N A284XFIFU5R5NTY295OI47XFV22BS1FW0H V23EBA2XKUOM48R669', 12, 'BMOIMWC7HMAH73Y3WKGRJ57LIY57UXXNWN7LRN6G1E75PT4496X8UA0C3YB3OJGESIBUCYE 742K9AWFITVBW84UJCULL5JNKK PFX4U1T39LUQTIB4Y8QPXK AB569G93UK1VKN087T7YBNFA238Q0WFJVRWATG923W F2G2 XSMHERW4SO9IJOOIHL9GLRF9P62H6 HEHS7IXM  3QJLUNC3NFKV32Y78X09LDXLQJ8F143TCA7URTTBKX241');

insert into assignment (assiId, userId, curriId, brifeName, "describe", fileNameRule, ddl, permitAnymous, fileNameVerify, updatedTime) values (0, 'TDLT9 T13C5NIWRIDMORSEU3FD LT3E9DL36KT8OYWNIBQ7FQ2RUROHGTYG6GG865FXUYF70KG4BM5MBAA91344B8TRD7OR2U2WSR19LHN10RFDFOMKJAC4RP8CW3YO40XVHRNO36CX5GNG HM64BRLV5PX2KAAN8QX 33A20QKQTPJ857P4IJ6UD2ANEELVVJBVBWN889TBE7XG1G CNN9S3DE WU849KF7DGX80NR24LL0FV 5XVVYW1DYNWJ', 1, 'MMUTYQ1M O2NN8IMVYCUMB8TMLMI DPJL OAXR NY1HBM1JYTXPXCE92FO6VS3M1F6R6DAWFBX OPMPCYF879BAM82L533E30U93NDV6UEPKTIN843AV2DTGCAOALKJI8KOTPHNPAD3VFORQAGHBX7Y70OG8G7BQ UTA0HUHFPUPGH6MBYQ1LWQ8KLC7F2SU83PLIQTN56YCDPUB8YAOA0WGC6 JSMRL MPYRVQ09DQ59IHX QJ3SE IQL8OARV', '3LFR6JYODORSWDTMEXP9F531YB4AQQEM51VUW4IY0MG8LHA99QM6XPXS4I4FFRFVERN52ATHEGSVDD HF37 VD5K MW1CUVP8XMGGSXBQ1F JLF03V5U5SXYVPFD71XVJ3E9077NLNRM9PEQVB JLKRRQ7J6TB1BR6AMK59V8  FW1 MY3YI67GX01U  HV5UKJD300FD34PQWJW484UU30IPIOWI9IMB00XJ6N17IWE3HPVL8AAJISSCB7QAD5', 'I12UTSIDMBG2EYRGYRUE4L8Y8KTBBX6OWOO60E6R FS95NGGX82B0JIGGNNNQIOTN6JYXJ2MBIKOI2E74PA4H32Y6P6348ARKLS4 9J91K7G69TBXBFHUJ8O 821N RML522D4YSUPK5PVXCYCTE7UERPYF778SC16II2GNDP62RE90P67FCEMX9HQ0TI57UI8UNV63YYGOPCDEQSJP754B3RLYF0KTXUYA CWQF33VQFUDPB2O8UB046O230WG', '561-4-11 4:5:39', 2, 5, 7);

insert into assignment (assiId, userId, curriId, brifeName, "describe", fileNameRule, ddl, permitAnymous, fileNameVerify, updatedTime) values (13, '18I1L3RPN W64OI RV7SDT RPGRND2S N1Y3XBBRHJ6 YK1K SF6RIDOSRDXMC7KVWAC7W1NSQH6KGMVBEBIL7JP2LWUFF01C9H 6 OCWRBAHXPV4 7 J8T44JSISHP539A8F15CKOXY7XU34M5R46PNW111M3X5KXYCFRJOY87S1JSJF5R6UVUMQ9EJQ2HVJYJKM63XL1NGBAFTK9EI1J2VD667UGENAXN8CL56HFHM4WT0ID010JBP1IF9LOQ', 9, 'SK0UIVESUPSVD96SLCC3IX 17ER74XEYR5HFUFIAABNPA7UWRGTWD 7IMJSA0Y0PTFI KM50MP O BS4 IOBGDD6KLI1P3NAD8J7YX20XRBJHPS78OLDT5MR9842LH5K12LIWWVLHYJSGJN5PLRX7E260O8TOA7PKVX6 35DQA RA1 AQKOM 5QQBNVGOQF5W5C5F4B987DIYFD6TCBT8JGXVHHYV2AN3X A3LSDQSUV4 9PL70PMP4KHWV2BK7', 'F7MDTS0J0PWQQNHK6NEB8EEBO5TDB9RHD 7OP6PWSE8SSNMGG83L80P1W0ST7LAT6CEQC0UC2AR17TA4TVQRE F RUBDBMHR8G52L Q59CPV0DBI N8C664UJ363SAU4JEACH94DHMA EYX5BRDA63P23C AV09EUEJN7I6UG6MBPSOJUCUQ5OIV 5AJYT2VGLKA3 E7J2P6FMNT8O940FBAH3JSO6 MD9XSNGQTTEE19P7YTY46TE83ET36R54', '967KKRV0NYVN190CRIPT4QRG4QAM6IA0IYY0PA1HAPNM9CSO GI7XSP9QOYFHDJE4UCG8TWOYPISETTTBHQF5U1XIK9U853KKVN7B R56MOTVPB7M8QMOFB2 81P2A I59D5K9GJFGHUHT8CQL0EUWQAIQ7G X064L3R WIG FHIIO6QBRB BE69DGV1F0KMMNMW W6L41C1JMBYX7G17T6OS4CW9APYOLT4D28N04X5NRKL4OFU2UV8TLY2O86', '794-3-18 5:39:3', 8, 2, 16);

insert into assignment (assiId, userId, curriId, brifeName, "describe", fileNameRule, ddl, permitAnymous, fileNameVerify, updatedTime) values (16, 'TDLT9 T13C5NIWRIDMORSEU3FD LT3E9DL36KT8OYWNIBQ7FQ2RUROHGTYG6GG865FXUYF70KG4BM5MBAA91344B8TRD7OR2U2WSR19LHN10RFDFOMKJAC4RP8CW3YO40XVHRNO36CX5GNG HM64BRLV5PX2KAAN8QX 33A20QKQTPJ857P4IJ6UD2ANEELVVJBVBWN889TBE7XG1G CNN9S3DE WU849KF7DGX80NR24LL0FV 5XVVYW1DYNWJ', 12, '6DSE4H7R84MXK5Y00W0K9JUFQ4BACLKJ14SJ1UMGJGRJXYQWJO348Y5 UWKD21DHTWLT4YKYAXW187L4Y1C84KVBJ317DLD6CDC CCT7TX57F60RAA7W9QAWQ6O64WYOQFQ7D644OX86BTCSTUMJRDN1NPY7Y7LWF2 4P9CHQMDIFP23292WF6C0SGUJCGPQ4FUOL1A14UB734NJVCL7YEQYYCVVH7TWSVLB2NVC9LEMF MSDYP1S06Y7F4AEQG', 'IAN32H7KW CKQ V8QLGUWT3VVBY752A18J2E9F3NED2WDKGYN7IRLEO5 E93HNPN51T5SHG520S1B5B02YH2T4QGJGES4Q1CIG9IDP7NELRH70UG1SPXFMGKG15BFOGU92SK FQ4RE7P M0QGCKDKTHNGABJY0NA7TTAW00X8GG2WJ8P WKBMO3C0 O8KEUBVBTMP4JWMDURFIIO3C4OBE LDM45DNSUMT8C7GB8NGQ BGEAYAQ5L9GTLBHVTRS', '8ARSED08BNR6591H896E6TY5OH5C1E6AL9VSAM2BF1BBT939JO2PBREGSQA7WF647DU7U5DBP0FLGWFR6MWS3O8YEDTG893C9BYKNEVP1E1HYT9HV5KBXO9GC3R36RJBYNNLW88M8UCMP5MMDC70OC2EGKHCE6Y LVS57W0U7XURMBCYE59VSL1XOBMK29J2FEF9S0FSU4BV58 1TDHY7TCSYS49W1AUSGW2DPIL5WS0B6XYESUIGRWE7C4350W', '1-1-1 0:0:0', 7, 8, 1);

insert into assignment (assiId, userId, curriId, brifeName, "describe", fileNameRule, ddl, permitAnymous, fileNameVerify, updatedTime) values (1, 'REPOUMFU8IH6FH2LF7WYNMVM2TFNJ6TKL3JS19KMQHSCQODWTKFKF3KSDJV BUTES MHLNSB7LWG EPDA6R9O77ELM3IYH6GF50TG9WQFJYC1E23QMDSD897WS77V3489PO7P33GY112XXY PHP5OYPM4R69O7B2LRFBLP1UWV20RS6PDG1NXNUXQCY63UU IH32H5Q15TYSVC1QN6LXK6E6WBCRYO5VO2ARY1NY5QHDPE6B0DJU7XJ5FJ22CR3', 11, '2OU1T V XV0DKBUIH 5IF4N4YUX58VX6TC0JEW4K8WDN7FXW4C5MTXI1TJ72NHBLNK4YO9JMLN43594E4EC5 1KED6SKTJ5AWH6PQ6T47OX4E0 MVG7S6YEQAYFSG68XVH8RXMF38RIODQNAL HR127L5BWHNB57S7LI5CCNQ1T7V602FTYSLFWJG18UYN1TQLN1MTDVNVWS5YLOF0N4C008M4KO9ORJQVYT0CTVT 1WSFIWKYPK2HQ9YX9AYLS', '8J8M6JXWIQNISPHXNK YFQSCUIVQXMVOCJ4HQ2LCR1KM4VQO7RBB2ALYVPORQRBSA9PFJIOBEMHIWGNSW3UFK1H7IJUKMGI0Q7V10TJW98ANVDQW0WQWA4DHT944TB3QMK6 I7OSJGLLRSO78AXDJVEQ6QYJG4TYEESW87T6XLMW47BDP6VLI0SEHQBSL0L4WHKHENSTER84GCPPYAS7AG0J R017DI8AE1I0LK HW0V79XYV2I WFKMA3DF3UU', '56QHCXVNIK5U6FXF05 4AAPF5YJDX6CE9 AFDAATTRABA28V 5RYW6SS44OVM5N3QTN5FMH43MMEOIBJLF90U8S2GYP7K4OCEB8PJ3FXNJC0X816RCK7HKMP03XN54OLBLUXFS1SWDXRBP3UNV7AWC3HTP1AH4VHNDNGGV1NHNB5PG4WHE2TQP0E1J7W98C0RUBPNI7M49UDP3PWOXG1DV Q0R 6XI2E5RTVOY27RQ9GH79RV 42T2L496AGI1 ', '1003-8-4 7:52:14', 18, 19, 0);

insert into assignment (assiId, userId, curriId, brifeName, "describe", fileNameRule, ddl, permitAnymous, fileNameVerify, updatedTime) values (10, 'RNFSMNVYTGXKKD268I3TFVONLEOJYRQF44 3AX38QJDL0VM IC5QLHEXYYAAXN5KMRB7WESYS4LE2S0XAXB7M54PCY08B6U6PHW3NNGWS0FN PTN 75T NQL3MF55M97T6D0BOCIKY05IKCC3XG9P7UXK58XWOM8IKQ65VIY0ISWXRPY5TEHBFYM5KKMNFWJ8B9501R 27F133T2NIBKXB7ABUQG BXYL0GJ7EQ2MHYVBQBW7JXN49N8GWCU0A8', 6, '5NKAYC1QT1ALNVRMIOAGG39YDN RIPH9FDGH05PTW 14MSUDDLYBN1N67W8OPP409KMM58 FD7QBYGEWAX4YK1NKJORTSI4GHWEV WBIG762B2W07BC43I2Y5X2461VR WFMQUWQGDGDXAM408CQODHTSITNTOJOQ0LB45OFO WEG8MCN36WCW9AC62P971LPL5PDAGKHA6I7BQG468VKUL6OK1OGS4NVXIJA7RR8C65YGKTEP21F8EXN8C41 8', 'V9JBP0EBGYN5TO8CFSRIQ8G9QGUF13EX2S09VCRBK5IHM1VFXHFY75AXH0TU5UACFCRBTPJ36OPJ0H2TV3VMAC1M RO0XW0S3SHNGT07ONAHO0Y844O VG1JX0UWNSC4RDO0L9MF0J16GJ O5L95S1W0FFI6MVFDKQLV8I6RL8K14XU7WTQX1IKLA4N54GJPAYAC9 P7F079HYK4UK2OJ88XPL1RIRDG5IM5P J22L5MG8FR02YKCICUHQ7O7VT', '7HDMWVF72G3Q6XF6MQK7QQK9EE3I O0W7KJJL96Y8GXT5LEP07A7QFNDQ9BDNTLIJDJTFGKO 4BGONT0LB83GVM8JT739X HK092RQXMX0W2YXE6E9063PVYI5O7COEBXT3EN4MVVTTDUXX7QFU9N7SPNK5O5E5FK607061I DRL1U6Y5CEHXCRE9IJYU3J8PPFEH7MGNQXA2FY9KMVEFO9 UIES8EUWU5D8J4VKL14H663T2520HIS9ADOE KI', '953-9-12 7:1:57', 9, 9, 13);

insert into assignment (assiId, userId, curriId, brifeName, "describe", fileNameRule, ddl, permitAnymous, fileNameVerify, updatedTime) values (5, 'MQKFMDNP2HQ2YMUHRPXM5O67YBDUJOEXN2D3QUD4QHNPJ2T W6TDWSY18E O11NMDC9TLC0N8XVF22XKHHSE7Q 7IR21PG515ST5RH BY5PG6YIE287V2QRFSKC73DVPQD9PP5WLL86 GA2BLT3UCCX IT4DRJVM8XH3RJGJA0YBAY9LFE6HXBBOH8EU3YDD9   73LQJ5CP43U1B T HSVTYEUXFVR1RYY27IB9B3CI75U1FB1JN4RBKLQ  WL', 12, 'K94HU56WAC7501XIKLSLYHNCM7PSQ0UQQXA2QVX029SJUAFRDQG BVY03BAIG2PN70ELIRKYQHW5M318MXNQ17ILOYBX9BDTPKBOMRNEHHA GD9OEC6K4O16J4XPEF3VLSU6NB3S9TMDML1NB4THQ OMBX9T5NF8VUOADD8DM1EYJPOETG7T8CYJHEAI2PG38YFFPGT5RQ3LS7V2ULV44KTB0OXCRVJF0ELBQK0WKK2H36RG2TBB0WN5OX 33 K', '4 95PJQBQI1BKWDYR UX9FFOBXUH4KT4B2IB2TBWQCXE8QS1SUX97V4AHVNY31IPU9YA0MRITP5XBXWSR6O1ERIGNQAJ45SEO O V21LT706BH LO6X2M8JT7D9WICD6X467PAXWS1869E66RIV07FY8T9IG47XGU4DE8G8FXW0RWRNGBD495JGV8CCFK9 RVYLXQRJHI1ULLMCPWIO06SO7C4LW05 1L5KU9FGO36O2F36G4708KE3X8OBLCGB', 'NQFCECJ8MQLLLE7J72W9O8QTXOYYDJLVIHMEXYM99EX5DJB4YB0A6KWXLFCBP42DGFW5D4CI12M538WUIRRHP58OT6RDVQ9HD5OOLF8LGLHGBV3N6PNPVGNN XI9N33P1LIOV7H3W3HI5LNK6N8FNPNJGX7MAU4I4X1A L OOWP7YCXMOFCKIWGYHNGPF9LH8M48YI82XPF1LW0UQ6UL7VVN7Y583HE7WGRSDMFXSG10BPLE99VI06HBNW9HQE3', '1477-2-5 10:54:17', 5, 14, 2);

insert into assignment (assiId, userId, curriId, brifeName, "describe", fileNameRule, ddl, permitAnymous, fileNameVerify, updatedTime) values (12, 'CEK9GQRG8G4KLXOR6NHRLTYGPINPOWFNPQPDL5E3TK0XWF06FHJV4OON9UFC5UK3H IFT9CROV4WJPW66OYM 1CI8M L3O38MLPL3EVP6L7JHV88GCO9I3STL1U6GUYGBBJC5HD7Y1IBMQ1MMQ8IXKW7OK AYE402WRKK58BWOT4JNAKA8OH3YJ80PYJ34O2KDRLMPT297G7NP36CDLOSCMDF7WV5DNNWTB3H2LEHD9B4MGG W2 GI503YDP785', 19, ' 7EL NAD8L6K2D5W8TDVHQ77 RA6V0BQAGBQQVPUH 9T2N97T2NU39UNLCY51NSPN2F93XGTRLKUI542FGXEUPPJH28F9ARJ6 6AXIP21XSNO8X619OLQC7V 8CFHD7PRUXVDH4SY4S46EBRFE8H1MA15VLIWHK01W4XUVYJ10B2UCKB5J4WB2GUVLBX0EUSH28C1TWCI2A6TVFWJVRPDIQFTOWTM JO9 RVXMALFEI2I 6TOCPKCSMGD4PASCQ', 'EPRE0HQFUBOWB3D0JS9WODN415I433V8D5BM2P S6YB8CXKH0X1NW7V3UFR SG3WNYX7GWHU2 IVW WA9NDU6CF8WO08RATE8B9GCPKS7J3EIVNXY7OJNTMO3KGP 1UPFLG6REOOMVIRG 2T01V856XFIXSI4XWQUC7HHX7ILGPDU9GDNSFRDPQILS7BOPV9A7R 0WL7NU70KC4RE5CERCIP1BG1WVJ0Y0VMQKCJNS W8JG6025TIPSSSTT5TJT', 'AGF5O5FE0AD3NS34D5DMWI8DQTUX78QUDAUK8L5M5AYE025JX6FISR3EOKGHSTWK5LBHAGU92N RPLPLAYP2S7R10OND276PBHPJ8WC3P3K9U9EKN4P 2PWEKSM8FELHM 6IXF7MU8133CNJ95768H1A8JWTSYXPT16CT2TXFM LNIN2FFBMJ8D5XD82MPSUQIE4W4DTEPEA7VEJG8CIO 13LQO2X J265V4MDROQUFU1WNWQR 5X8TU8WL26GC', '166-6-18 1:34:23', 16, 10, 6);

insert into assignment (assiId, userId, curriId, brifeName, "describe", fileNameRule, ddl, permitAnymous, fileNameVerify, updatedTime) values (2, '93X82UVUS 0J2PSCGDVGDX 7KEW1CVVJ71UCQ4FJF9W9SP1NQ20GRTBQHV9CG6WGISEFVWRXXCJG2765UYS00MBUJV9YPTGDGX2AA QPHRHOD4RG8S3QHMHDQNETLM6GRG4ET3HNUI1758KBYSKXIXM6KWUGME30PRLVDTFRCYC  9SMJKOKHMRC3ON6ASEI4OAHTOA7RW9JCUSF24K8UP93YIKT6DOMCFUP5319HJI3UH8Y5VB720RR7A6YVLQ', 11, 'RFU76RTX3NSY9NUNVHII4M 9XTI79UP0JQK6T3052QNJ58P7ANLPWWA8933TMFEHWSO79Q U42484G2PMLHXB43O9 S05E S5VEYXSPEBUX1CXIKWKPTPIYA627DJ06506M22M9S20G0 HTQJLH0BNH8NOKFEOS7KKU8VXXF79S746XPCHM8BAKAPXQQ86TACR85HM3DY5MQOFWHJSO8QJ6OSPAXEJG3A8NLWYD41YCPHWYMQWRRJRH8SQEN92 ', 'K8RTSPTY8O6LMATUOJMV3N 2F5T5F9HMGTKF9V9 W6356 QQ9D 4RX2W7MWQ3V5W3PR18V4 3RQ719LKR3K1NYKWL0VIR MLU5TKB68K7GGYYXBU LW831NOYHOUGRNRWQAEH06ELGT18JH2L4NVSB6WMDGOM7NDF8 H6F43HBHOGFAS73PQVQP8QBEH30OJFSTB77XF1TALOPNLB90 UXDEFC 94PGCXSUXSW42B282CA34COSGMF15PLRKDKC', '50KUQ00RLEAJ2XIXRK6512VBTV3JGG84K5EWINMTCF7I 61LFFG UE5Y3IFHTBULDJ1V7L79AVNDNM5PSQI1CTRWF9XJTW69E2XVOI44IVMFFO06HY72HOU357I7ETLE0SACYI6AOH BP73NQM83DWWABH18IAT1BQCX89LC7XIW5OEMG99FAYS MA8LEY 21V6NU0 P2BYCH2897EUQOSUIFSQNC2L1JDSPBHCL XV3MTCN7PFV3WUYP84YVFN', '313-5-13 2:9:4', 12, 0, 15);

insert into assignment (assiId, userId, curriId, brifeName, "describe", fileNameRule, ddl, permitAnymous, fileNameVerify, updatedTime) values (19, 'RNFSMNVYTGXKKD268I3TFVONLEOJYRQF44 3AX38QJDL0VM IC5QLHEXYYAAXN5KMRB7WESYS4LE2S0XAXB7M54PCY08B6U6PHW3NNGWS0FN PTN 75T NQL3MF55M97T6D0BOCIKY05IKCC3XG9P7UXK58XWOM8IKQ65VIY0ISWXRPY5TEHBFYM5KKMNFWJ8B9501R 27F133T2NIBKXB7ABUQG BXYL0GJ7EQ2MHYVBQBW7JXN49N8GWCU0A8', 19, ' Q7KB0FHRGR0ADKI50YQLLLR9XFXL0DWRDR55NT9UOD9OYM4PRU2KP INW2FGSATSEN6XK6TKMHG4UMHEVCUJI4CSSO1YL0I0CJ4ICWAIIHLTJCFXKVWELI0K12KVEXXT5Q3SKL2X1KC4DV1GJRO1HXHGKSJ12T677GVRN6OHBQ0APKFQT 8HKESGN929ANIMAMVB TQHUQJPP2Y0WGDM4B820MXERPB5JY6IS13NH4KQH942OQIJE87CQSMD1K', 'XQWCSKWTSAFHWCVU0KNBGKF69HMHFVNDGM2P0JDVFRIAEXWRW8R2RE0YJL7 H3U83AIG767RRLA6GQMCJGWNT9Y5UQFBTXS939SAIC3LOEYQFU2RN97WGPV90KLQ3NVGP2O3K9K61T0R9R0U0L3P5O5D LEIIXBH738WKLVXRA75ED43FBC7UKY8NAP8TU2NXMUUAE2 U8M0TXOLP5XM256C10QI7XXX6V59X7 27YKL26W7QS3DSKLP30Y6I2F', 'FXB4MB 5 9 SVN1VIBRC0ADU56WUENBHDUUX9M96KXR4OS8EG28WL5REQ31A3FKVUO4YP7PPYKK5TFJVUNT9DP5H5H1PH8J LFETA85DEJQ6U3KNSX9HD67FMY79B53C5SV2OY081RO9MIHK7DAKVY1 3SX3IGO0T2T4UT7PRVRH9IYRU5PDFIFADYN4EL9BP8KC F8O65FS747T32BQXJIY 0TBI5B2MXG KI1GQI5 4H RBLYDIV4X99WGOUV', '1541-4-25 11:18:32', 13, 3, 14);

insert into assignment (assiId, userId, curriId, brifeName, "describe", fileNameRule, ddl, permitAnymous, fileNameVerify, updatedTime) values (9, '18I1L3RPN W64OI RV7SDT RPGRND2S N1Y3XBBRHJ6 YK1K SF6RIDOSRDXMC7KVWAC7W1NSQH6KGMVBEBIL7JP2LWUFF01C9H 6 OCWRBAHXPV4 7 J8T44JSISHP539A8F15CKOXY7XU34M5R46PNW111M3X5KXYCFRJOY87S1JSJF5R6UVUMQ9EJQ2HVJYJKM63XL1NGBAFTK9EI1J2VD667UGENAXN8CL56HFHM4WT0ID010JBP1IF9LOQ', 0, '5AKYKC8LQCL6DT1EI9E7O8H28UBH83L1R5DXDVEHSEU2WCCX0ES3LTE02QQ7IIS91CAWP791J7EMQU7MHWXBOD4JJL87WMWNY16Q8GPVFMRJ4SCK4NBMY1FCONLLGG5WRW83CRIV25UAYPE144VJ3 3HPJY6W2LXS52B2CE68P11T7XNY9WCHFR9XKUKOJ91JJPO2DX8TT2UXUDC7M554K 9UH86SY1RNBJ2O5NTXI2I5948L7QSNP8C3JF6XHR', 'WEY1NBU7MWOOB67OCFQG0LEP4VF480KVWYVQOQL6OYJUOQJR4NITAKORYFD9TK5DUBJQ3361 GH9GT2MBFHB2BSUAUSQ6KWTBXSRWQNQXIICH45IBQWCC0HSS8K3SVEWKCDX6LK1J8GVSRHJ8J MDB09USI89 K1I1XH73TGIT0VJI8JSYT3FG MHNBCDTPGPM 3E8PA6GVN4JX3D1E036F3D2KU WM7DO NCI LKELR MIN0XNWYQQNV9RH7AE', 'HAHS6F06NPJEW0YLYGUJULHIKBKF80MG43T10L PD1HR54YU9FM OWJHP2JXAYH42AKKFFM75K8QB 72URB6CCBGH6EY44PJOTYVBJCRTTCYVFF5DW253998K3 66JMUSIXFGUN2P5007JLIUYLV861AV2W6TERNNW2RJI8BIO4KMPS1OXBEVXCKW39O88S8VBKF50Y6CC6BALB9QJAR1L6IE0 BMUKAIWD0T4TWRTD C5J5A984PKJ5MCKV0C3', '459-5-23 3:9:53', 3, 7, 12);

insert into assignment (assiId, userId, curriId, brifeName, "describe", fileNameRule, ddl, permitAnymous, fileNameVerify, updatedTime) values (11, 'CEK9GQRG8G4KLXOR6NHRLTYGPINPOWFNPQPDL5E3TK0XWF06FHJV4OON9UFC5UK3H IFT9CROV4WJPW66OYM 1CI8M L3O38MLPL3EVP6L7JHV88GCO9I3STL1U6GUYGBBJC5HD7Y1IBMQ1MMQ8IXKW7OK AYE402WRKK58BWOT4JNAKA8OH3YJ80PYJ34O2KDRLMPT297G7NP36CDLOSCMDF7WV5DNNWTB3H2LEHD9B4MGG W2 GI503YDP785', 18, 'VYAFAWWXVQDLK05FR L7XE3UNIM9KHB4HETMVC 5POGNEP5GQHXG C45M12T2GMR 5RQ5DOHX9FL411939RW5329YTRQ7HP7 HIU5WF3B7E6OKJV6OC8F DBN35 AYRVHT0ETJL02D3MREF5K9BNKWFA B5YET55NRP9SLL6KQQHTDKX2OXP5IP2I2AEFP59 1MPI YGIH2R5YRUWRXEI0OG13KK0X6DAM8E794LVYCVR9WLEIM2PCV6QAI1KFM', '1DUCAS Q9BVL3T3CCFQCKVXR1XJD89IOI7RAGL7JXS7ASDR75YN95S4RS86NEINC146 XVAB0XOX9O 8UNVYYV6C71JVKJDTQXQJPQVEQCPO9SO0Y5O0OCILEC 4K1TUH59W2M3L2DNNQ18JQRAV9P0X9RYHJTNN1WH L1O0SXWT TM7BJ1TXI59FJTWWX4ST0AK6MT8GMY4JQBRL1964JYTCM37BJ 95XGEX8C8DP9BAJCG5MB1OOXA8M95TXI', '31J 3XUY9NKJAQL39XFIKRKQ16I52C2IFAXNDRIQLCU51FFNMR269WH474MJQJN4NII5HLPKQLPE18H3U93WFVL9AWM8OB3DLEK36IA40JY13VRI293087DUFC7DSEIXO02K5KF5CQ6J4 O2X1JI EOQ9QUPWCHJTUVG6PKL65R0 3T4MBK2YUI 0PUPYOQ4GRK73QFLG4V9NN37W56 GUAPEB8HXQBRL2H OF COFGO30QYY159TLNAN1URRWK', '83-1-13 0:26:44', 4, 15, 9);

insert into assignment (assiId, userId, curriId, brifeName, "describe", fileNameRule, ddl, permitAnymous, fileNameVerify, updatedTime) values (4, 'CF5LPSJA1 JH2MC4RLN86WLP39TSYIEUD2PDB3W7PVA8HQYR7K4CATPJE0DMI0H3NLGJGBSQUBETPDB83LJCTR57LQAV9F84MX3EMEMWOWA2JC97M8GR5NHC66G6K23OBB1V864VXNAHTCXIJG6VU8JN5JHVQ1VO8FJKSF7XX E4F0R55NVLD8F22FTW7EM5GCKOUT6MHNGUASG8ALEI9BKM VOTD6OCJKX4YWKJWW20B6 2AIFU5YLIKA2YQ6O', 4, 'JNINFUPN9WLFNJ1XMC1TIP1SVYQ8TCTVPCYEA972162M90SQDOOVX4E20DMBCBDFT1CNV A DG5TCMJB6NVOXF8920BXFA RLN61GE71OWSFXH3P9U8NHW30D1CQBR8EQB6RRLSV7U3EGLTWS2IP0H7150FXM4DVUK6HXHK67 B6ROS0SFOCD1E KQC8FHASE36HGSPNQ8VS38P28CQLQ55LN94Y4QIRU CJ9Y32TVCR3J AYG YR4OOD0WUMK9', 'H0TW19UGEO2C4A39UG6KIN 4R3QUFLMI99FJ0VM1I8BR6YI4 QDHKDQ4QQUFK98CTI7ARSUFQRN2 YYKA GI1G813PKK3KKVR485M8YIPP W AUPKYB5QU1K4C2WCNJI4993SRLOF9TUJ6N917KVCOVTJS73NWB6BXP7F7IXAICMT43DD4FAGGKKHXJS6Y2D7SMIKPNO36GW2Y TKRRYLX31FI7R2RA31DQ47L2 4XLF9QCV425I44M CX3Q9KI', 'RQHTKVGJAV97DAF77MW GG7H7LSA HB4GX2HEHCM K6M2839X612WRP02JU 755UFQD6LIL46W71621X9H6GI6 POCU25TEYDBBFYWK5OHOHQT9JIWF1V6WB1EYI7M0W796HULJ3LFGSGMNO3DBI8A6Y7LN1DNTEWSQEDOQN1FQMQN 8NBRBJ0GVIET7E5JIOK41856SFP3DJ2XEWO4NAYAPBRTAM8UIUUU1V4XR8 L9K35KS05KQO4D78CD069', '1261-2-2 9:26:43', 6, 6, 8);

insert into assignment (assiId, userId, curriId, brifeName, "describe", fileNameRule, ddl, permitAnymous, fileNameVerify, updatedTime) values (14, 'NL 6HO56H2DLRJGL41YEGKLH6WHQ7Q8JKBWOXOY4EF29TXVW0YYMW7LI2OPA4X ESV1JCKMRDWEYMHKNI X1CQ56W4L0 U3R7YGO82BTPX9F6CL0IMNHOTG9IY62M3 ERSQRTV66SJV79KXC4UEJD7JVVFWBN93AN7SAVQ6269VK7ADBK7RKMODE6DNH70RS7HXJXF91N6CK1OQW8RSP70UFP2N 606GUFWH4R7U1UQ3HXOBO5XVN0OYXFK43 H', 9, 'EHHYXP855CCG4TOLRQPTJG5RYML0A5FDFI8JIHO2S6G3IRJAP8CQXB5WA6YV3ELEJ23POR3MR1AA1RPCC2WI84T7KOB5PF2GG787942AYJ79D4MSXN6X66NGMQ4L PNE T20RG07A7TCOIHARG72W3W4EU75F5YPWSB73613OJ12O0955PD250NAUEKV01CJ1U01S24E4T22N4QCFNBA7BOQYOK292 O9MEXU9 8LDE7DSFG0EY6UYNTPYU26DR', 'UG E65K CX2 YDVBAVPSKDBIQJIMGQVHPJPNU7LUVMREABY7F24ISK564Q8 S9F3APD6A0V65LWC9T G6EMVYTG9I4X JLDCPVMCR6YOBP9YPL3PVW60Q7FKS782LD HLBV3H5M7079 I7TQG3LQXLH0F GCT4YU6OB4SDYRHR7WL5XHEVILBVDPCSTL7B5W63YQY3AKFG5SYTH0OH9NSS1V1E79P9TDS1JWCJAX3QWFIJSKSO R5 S K0EEA8D', ' XEWQBOW24KM76 4IEA0TRTC0YUJB99ATJIMD80UKW91 C 87X470V262G4XRORA5J1RW09JCJD25QGVYSLRG92TBP8G59 JETAH1NOKQ6SD LQ6BIB0CSLBQ RHNMB6AK7EBUGHF3X LX5D6RGRKWDPMKWRA14BT07G3WVQDPODWC5FMGP6UT7TL1CFUGU 8M72ET8NQMJEI44B2JAULBWIG2A2THW03YP 47WH2MHCV6LW98XR5UBGDFJNKET', '1653-1-14 12:47:13', 1, 13, 19);

insert into assignment (assiId, userId, curriId, brifeName, "describe", fileNameRule, ddl, permitAnymous, fileNameVerify, updatedTime) values (6, '36455MLR9OOLUIAPBFA75140B4GC9EM64M1HVON2B8 WK3R6VX4CLE4W5S8VFC0VXJ2SVAYJOCJQU KRQEAWNCWMY0TF7IL90NCQEYEYC1G5JOIASIXO6NIBMEPRK6W0KO1AUN7T3GMLS7TBI13R4KDUPKBWO3TLFB4NSX0F8PXOS2472PRHPVCYE5X5ULP93EIC TXTVY5FYCG3ABRJ6YQ2JST3KIA1OP16AYDWMEX0TN9XNPXT0M5FO92NG6P', 1, 'JGR1FTC3B3BRF49OT9XIFD7XO6A8GFEFALNSASBR1QQ7VSALBO7FSNPP GQ  14HNKORCEL2GLL1UP 1KO1I82MX4L6IGOU61F6ENTYUARTVSTVOUT5SWJFC6SJKYKBLK5ABENLPWF5LAJV 0L7K0I0GS5H7MBNJYT4KX652BRBD5VC6MMRH0 QKBXOOT9EOLINCR4N56 WN8A1AYF8FIEARTCPL03IDIBU6IRHVVBE4NT42TP K6VSXVN0TV5C', '2VFL8CTVBAH26BIHKTINCB16JG6VR0EMYOJG1CY8EB 26EUGKBJYI7E2ASWWRWUK63497TUV 2Y24UKW9FND0TGK37KJF3IK1GAUC7BJ VH1DQMAKQ68B2I30U OHOB6YPKVQ159JP1O08TBFGVJF1PB7EDW9T1BJAVU9VYEX KJOHX14BU55S5812BOUOD4K4KYG79KJNEXRQKQWHNPUCV11LV4VIX2XRE8KPJM A7V95B1BR7KJURBT9F9OK6', '88RRGXD7D4L1U730W3UYCIKA9R6DJ722ETYV199JE K91K4W1WT4EI9SGCFLKM3726K5SAIDJYURDO5VT7TU4RBQG2HJVIPTS1U631D4OOPMQ4PHRSNX6NV3K8R52AQI B54S9QAJ3RIG82C9S8TJBNW2CXT68SW0A N4K7EVCOL8614KKOGOQ252AQGLC0O3H1YP8109XAL7U5IWS9BEN6XM43K5E9JEN6SLF2O6KLSUXL8CEDD JPCP936112', '408-1-9 2:41:45', 0, 18, 18);

insert into assignment (assiId, userId, curriId, brifeName, "describe", fileNameRule, ddl, permitAnymous, fileNameVerify, updatedTime) values (17, 'CEK9GQRG8G4KLXOR6NHRLTYGPINPOWFNPQPDL5E3TK0XWF06FHJV4OON9UFC5UK3H IFT9CROV4WJPW66OYM 1CI8M L3O38MLPL3EVP6L7JHV88GCO9I3STL1U6GUYGBBJC5HD7Y1IBMQ1MMQ8IXKW7OK AYE402WRKK58BWOT4JNAKA8OH3YJ80PYJ34O2KDRLMPT297G7NP36CDLOSCMDF7WV5DNNWTB3H2LEHD9B4MGG W2 GI503YDP785', 13, 'TEEGW1WI1C39TM134S3BC YTNV4XH88O0NY7MAUY5AKS1J1 S0ADIXPAFR4S20QNM95ROFIHJY47BWG47C0827TJE50Q8CJU9W9MQOA3AC3NJGFAAB0WB8EDLC4V I286WJ8QI2BA1W5U1NPR128TH7VRBX6LY88H8AYWID 7C0OLOCX2B12GMFOGMVKM8LL2JV0PG5CG5U2JHAYIOQ3CITP0JETW44KJ5LK 8X3A3W2MUQ6261WX5PDJ 2OKHC', 'UQ8IGGY5R V5BT2MR HXYYGMV7VTT92LI62G6ONDFF0RTRPV2QEJTGC6R5QBC9DFAND7SDHDCES0V3GCEJY7W0P1EUSK50TYSQS4FF57K2U6NEM6HH IQCTSFICKBESBV2H0YBEVBSD250NH9VXGMRWTSMETR4MIMJ315729930U4UW914QEN99GORE64EUII5WSFVX66O125HUDDTW4PG90MOBXT7U662M93UUB9C6OJ8 O3PFVFN9LD9PP425', '7YYDE81V11ASW3V70XMM62P0I4D TXKJHQPRLHQMQ5G58AYHMK OSQ85LOE4JT6K3LKOPL 8GRL5O68KW19HTEYSS2K2Y6QKXBGKL816V MFJWH8O4J2C J9BTFK7T0PSLL2NIXMRUORR BYTF4M3QDLGFRFX1GRM0HXSVFEW984RF4V7IOH7DOEGBMPDHC6A1W3H77014XJIK1QUS46EXE1NRDJ87P1S4VOPTJL24UBH60 MNNCYXCFEYOBSOF', '1739-1-8 13:16:20', 14, 1, 4);

insert into assignment (assiId, userId, curriId, brifeName, "describe", fileNameRule, ddl, permitAnymous, fileNameVerify, updatedTime) values (18, 'CEK9GQRG8G4KLXOR6NHRLTYGPINPOWFNPQPDL5E3TK0XWF06FHJV4OON9UFC5UK3H IFT9CROV4WJPW66OYM 1CI8M L3O38MLPL3EVP6L7JHV88GCO9I3STL1U6GUYGBBJC5HD7Y1IBMQ1MMQ8IXKW7OK AYE402WRKK58BWOT4JNAKA8OH3YJ80PYJ34O2KDRLMPT297G7NP36CDLOSCMDF7WV5DNNWTB3H2LEHD9B4MGG W2 GI503YDP785', 8, 'QDYWPQXSBODQC47HGMNV0WMVGXIEQYFE3QL6CCQBHGVWHK6WYRH6V8AP5VCYIT4V2OCXFF1LI47YYRMVAVTXS7K21TDEG2YVHX4MOVDBP2JK5TFSJ3C4 D2D4 5AW G4L2HRTWFMQEQDC4PL3FISNJLKUFUC21AS0FNXFX29R2B2QCRRTKD1SU04 WB953BNS5KP0R9G9PGBFFXAY0NXCNG3R11R56IXD3PO E7 6U1YFKVP53OL7M5YU58M2P1', '8NLJU67PAW3R3E SVBPV88SN90MLM 9BD59HDHPEMT1K2NAUJEUB6DHU1WYL67NV67NS2MUWQ J TYDQ83DD6S0BQMNT8DUE2OKBI O5XO UYR40EBM61BAJ637W3T0JHN ISQ 6GF1MFA3DBB5F HV21IC1HN1YOIYA9U40H2F8PLHFAMMANN0EWCXYITEAVWS3T06Q0Q36KG4XF0VI4WL69CWUPYCB5RW PRUE0R4F9HHLSLWDS56 KJHJ LN', '42HQVYENXT 8VQFSOLBPVMB0821GGST2T5F44B1FG77MQSXULQY3OQBRP2 VNLU1720XYCALA4BWMQNG35NSX5POSVQHN1II1X9B462O7KM6F7YQ9XE6V8LN3W5YHIVGNU4SFFNWMIHU7CPHS61U0VICUOXF6XHL3WG1 9SDM 0M4U2C11EMXID8YSP62Q7G3AY3WENWX0DFIWNP0P5QD5JI Q1TJWDCY8AAJ3Q3XPHKW9ITGEWMA9R644E97YP', '1596-5-9 12:9:4', 17, 16, 3);

insert into assignment (assiId, userId, curriId, brifeName, "describe", fileNameRule, ddl, permitAnymous, fileNameVerify, updatedTime) values (3, 'TDLT9 T13C5NIWRIDMORSEU3FD LT3E9DL36KT8OYWNIBQ7FQ2RUROHGTYG6GG865FXUYF70KG4BM5MBAA91344B8TRD7OR2U2WSR19LHN10RFDFOMKJAC4RP8CW3YO40XVHRNO36CX5GNG HM64BRLV5PX2KAAN8QX 33A20QKQTPJ857P4IJ6UD2ANEELVVJBVBWN889TBE7XG1G CNN9S3DE WU849KF7DGX80NR24LL0FV 5XVVYW1DYNWJ', 19, 'FL CIM565VOHOOB93FUJ75QHT9EPMRA6IRAAV7MOT1A CYF 0B5VYT7 AFQWL WF0J72ISOBAUGCR  3MNN21SKEG6UYEGOEBYSU3GHVJUS0UGCSKQQ3RKLJ2T7NWQ7VDJUGG5GBY O2GU4F07LLEJEG8 3H1A6QM4 DCOCPIMACJM8IQ79W80ACQQKHRKO512JQNS3BPJJ835WQX7G N5YHSKGG2U1A51OC762JJW5T2OKVE3QF 3AD8BDSXCW', 'QJCTGKEJ6DVRKE0S6CRUNI4XG38YBO UCX5BKGYA8T DM06UGY31OL7QB21S0J42Y5 9XTCQQ1DI8KW3AFLXCOP37MSL OU3FYVOOK58WMIWIVXPIEF40VM7XSO75OQEKX6SF TT017E48QF1G2FMLSU7H5JYH63DNKYFPJ3COI099KRQ4CQLRRJULVOCGC OJXNCUAF7UUXP2HQMS96YOXFPTWVSD5GJ GKGWUQ QTGN2B5MQ7Y81F9NUGKDED', 'BPY07E21EN6CIY71LMD6YPW53BM4MRXBA0PLO5OVYUJP4GJ3SKWDSWLBR0VHF4ESU6REWKP0RT1AHDLV WASE7H6KGKNDCG0F6HP9LINKLTQYV82GXWPD755NGFPHMQD8O8OGE1CUV4L67VQBM27JLS WJ7M0BELAWDFJ9N1Y 995UF9GL7C072V2TPBLY5VCVBWQKB6YUI40CDLH4R3917EK5QK377QX4J1MXKJQ67EBHPXW479XAYJPY43LWD', '1336-11-17 9:58:35', 19, 12, 10);

insert into assignment (assiId, userId, curriId, brifeName, "describe", fileNameRule, ddl, permitAnymous, fileNameVerify, updatedTime) values (7, 'SS70DFHBQIOB7QF985BW7 950CKIG4LJGH3MIQY73XD7US77XMLEBARWYKKIQE98XPSUO73U5LQ094ASBH3YA0CSNCCO3P69085D4EEVAEA9YJKKQ0BC2DFOJKK7A M3JRB0LA9H05VSX9NWJD F81875 8DLONVFWPRE8QNUKMEPU Q5M7BT5SK09LOUL1BK61RC1RWB9X8EBSM0QB6F5VPOX7QBYGXW09ASWYG0RGGM42WIJXG5Y14QJUD C8', 14, 'L04COWDRYLBMUJD0XH7EKPUHODBPKF64M6V9SOV1AYRAQIA80 8KB8C2618MIMDW2S5VHI00E8L5I4FMGAB590ERUN53 MVOTHCI6C34CKO3VHNPPC SNLRMS3LU1KH8VF56X7C0AO5Q8RSFCJ5XDH2 9THEDMYLGBPSH7SOKQPHK3GW4V6S09VGOT42B Y0VEKW7CHDQHAIKQCLYTSFSILXNL7XWW03LFOX6TALE8DUKXW8YF6LKWNKW7XTRMM', 'LW6MIKSQN0HC4W7PFS6QIEY7JK86AL4G6SC6HXSAHQ2MISQ L59SD4X CDGTRJJOKBJ6MFML5JF4H6BEER0IAGV8F1VLVV16UIQY6GFK8 ENYF4U8RBE22498JRUNQFQOIT3NVQU IQ81GL34916S4E3UWC9BRW HIKGL6GVBO070QNNRGXVLBUL 7OV573C8NO8TAYXS1T6B8NUHJLRVW D1HRUPS 1M5RU6PY L7M0HF9PCPNH2MTU1WJRNT1', '6EXIN03CAX7P8T5X0W60N0AMRIESHJ0VLV8QE1Y93 XFQLF3VHIQVRH TT8M9NPKQ7KSY3KDW4XSU JU1F2XKQIFX8WJVW9ST357TU6A6BH8GLU8DBD65Q6SQ3IKLK5GE0WMEA34PDI9BCWY6HM30UGH9NSOP5YYJ6BN2MWLRTLE4FD563PCHHDGXR5WBJH8MLN 2E8WX0X6IB4KH 5MQA97K8NBISNSH3OBIFYRB1G7XQ5FLX3NU7IOGJ017BI', '1120-4-18 8:38:52', 10, 11, 11);

insert into assignment (assiId, userId, curriId, brifeName, "describe", fileNameRule, ddl, permitAnymous, fileNameVerify, updatedTime) values (15, 'SS70DFHBQIOB7QF985BW7 950CKIG4LJGH3MIQY73XD7US77XMLEBARWYKKIQE98XPSUO73U5LQ094ASBH3YA0CSNCCO3P69085D4EEVAEA9YJKKQ0BC2DFOJKK7A M3JRB0LA9H05VSX9NWJD F81875 8DLONVFWPRE8QNUKMEPU Q5M7BT5SK09LOUL1BK61RC1RWB9X8EBSM0QB6F5VPOX7QBYGXW09ASWYG0RGGM42WIJXG5Y14QJUD C8', 11, 'PCPE23P17ERS6LXKTBAUWV18TC6RF9G41V2H9A7H8OEQ283NNGGSNWNLF NO5BPSG5V3ASJ64E1WUTPEAVKE0HGQE1816LQTPB0SN9YQGU2BLA6XK9RFW47P2W4KJDXARMXLO1PI8FEF6BW9OJS10 PDY2 FYMQ6WIJWF42XNSJ493BEYNTVTVQIX7270WKFPLCFS3F66MGNBMW45SLWK86U654V1HXSYKDGFB3FNUNPJF387AFIC7W 2WFS5AB', '009B1TIMTNTRWAEN4YAIVVSN6PKTFR23 DASTW7I2GJIANPBRNIK2199BEO9W0VCJCIGHVXL0801WJF90ER3ILCT14EKMK4G 8AKK7B7TR1FS88S3UC9WL XVJ176O8IE0 8YNH6FLAN71AN0AO58DJI3 UNJR2XO90JR25OHUMLRJ90IN6RTC1 TG39XH5KHARDFEIAIDT3BCEG5IA052W5XK48UJGQ81RNLWC SLQSYBFX86HO3B761MBS2UI', 'LA9YDHR2FBUO2TQLIHCF4UHPF8YM6ATB8QFMXYSPQT4UGGMT5FHLVNMJJYLGWI6HQTRIRR56 1AR03 847EQO3DYL3A9EJPIQ052PORX2QL GVPIUXXPEVUXQHODWYU5C4DGMFVMCV3MIRYE76MXXNEPKG6QN9G89FUHDJY0Q0LL Q4VNWVI4XMMCO02YUKSMLVJXJR0Q0OAMNY03GU8X6G6Q83N4YK08OHQ6TCQA6OXB9G13MIKBR320L9GHV3', '654-11-7 4:58:32', 11, 17, 5);

insert into assignment (assiId, userId, curriId, brifeName, "describe", fileNameRule, ddl, permitAnymous, fileNameVerify, updatedTime) values (8, '36455MLR9OOLUIAPBFA75140B4GC9EM64M1HVON2B8 WK3R6VX4CLE4W5S8VFC0VXJ2SVAYJOCJQU KRQEAWNCWMY0TF7IL90NCQEYEYC1G5JOIASIXO6NIBMEPRK6W0KO1AUN7T3GMLS7TBI13R4KDUPKBWO3TLFB4NSX0F8PXOS2472PRHPVCYE5X5ULP93EIC TXTVY5FYCG3ABRJ6YQ2JST3KIA1OP16AYDWMEX0TN9XNPXT0M5FO92NG6P', 18, '0TD5KQPIS3K8DXSIEEL4IYLTGBKUQ7VAOO1SQ U35U Q4ALN69D05 SUNXHOXXGFC7TUF32AGKGBV5D30ME01UW X53U QXBFC1JFW8KG4JLVWDICKMH6PP9IJ0QUWUM9D8H0YXITPXSWNFJGH5D0GKOJW0BYED 4S3VRLEL6TGK0A2UI186EWKA1D0252D33EGISWJH1647RJH6M5BVLIE80B2YMGCQAABLHTVPRT2G2VI9T3Y 7LHM9FFL0YG', '251H2ATW7AN9C6FPUXIAGR FQLL2XMHDO9KGBQO1RWCA9MU Y3480K5QRT1TNWOM1CH8 H32T73R BUNHE8XU6 NPPA UISD2XEEJDVU1K OSHVL COXDJVDE1729CCA0FHLBGYUG6R0XQK7I31XYWCJ2DDLML2JMXMHO6FYH UTKTPGFQIJTS2EC025HQRU0BBPS5LNYPA6QW6TL1XI40XNA559DJGFPCQ1QBTY5VT5DB2A7KSJXNVKBM5LO B', '6A5IU5P3FX6T8W6XFMKJIBW03YP03FN1UMWLAUDKHP5YP9 VP9VGWXTY8WVOUDBNLI644BXOF6LVFC66K2JJ16I MNRDOSSD9UQ92LGM0HF0634YYPXV280EKMJ 53X S0MXIUUU49 ODJ2LUAVBM56TIOQ6ITFJ9WDXH6X3QO X3N8TFJLF33T31B9DPIYD0YWQORGE1FKK2HPK3MOPJALEXGHT8Q21E6HOFS31FR99O5G4BA49LW572L3JD26', '898-5-3 6:7:19', 15, 4, 17);

insert into file (Fileid, assiId, userId, uploadTime, fileSize) values (6, 12, 'DGQMVPJLB0F9YWDOHMSUIORTGRVRHGSYUTRL6K9VLJTY17611B6HFW46G18 LNXFJFEJSLF325T0DKA4KLCA9  0C K6CEXMGK T1YSDS DU13O7FK4014T113SOXE0 A9VLLYJ6KSHQC U1T2EB1TNH9EYQTH HM3F0D4JC2 5YWOVOMH1RTJ2WJN2IQM5DRD21K226MLEJNPCOL0 T824A5964RXDDU 8NNL0EGECKQTBX6C6UD9G149EI7P ', '1132-3-5 8:15:26', 4);

insert into file (Fileid, assiId, userId, uploadTime, fileSize) values (1, 6, 'MRKK3414UD9PSOTSODQPUC2T 7PGIVMC RLFE41C6U3OE781QVJ9PMA0MDOFXGGRC078HR379FX1V83BLBHBCOV00SQLGW50SIR8YH8UR7IQIYY7SD V2T62QS85MU54AHS5TH5JAPQ94E1BRVMFM37DDWOVDOHARHW9IP6GDLPPTD78V 403EN6E0O22KTL0BYEUX9YDWNK5E0NF7E62DRU5A2LHJK8S1WU4P3ANXX 4VM9J9H3GFKNX4TQS9P', '1196-10-10 8:41:59', 17);

insert into file (Fileid, assiId, userId, uploadTime, fileSize) values (12, 10, 'DGQMVPJLB0F9YWDOHMSUIORTGRVRHGSYUTRL6K9VLJTY17611B6HFW46G18 LNXFJFEJSLF325T0DKA4KLCA9  0C K6CEXMGK T1YSDS DU13O7FK4014T113SOXE0 A9VLLYJ6KSHQC U1T2EB1TNH9EYQTH HM3F0D4JC2 5YWOVOMH1RTJ2WJN2IQM5DRD21K226MLEJNPCOL0 T824A5964RXDDU 8NNL0EGECKQTBX6C6UD9G149EI7P ', '1542-7-27 11:41:19', 15);

insert into file (Fileid, assiId, userId, uploadTime, fileSize) values (4, 7, 'MQKFMDNP2HQ2YMUHRPXM5O67YBDUJOEXN2D3QUD4QHNPJ2T W6TDWSY18E O11NMDC9TLC0N8XVF22XKHHSE7Q 7IR21PG515ST5RH BY5PG6YIE287V2QRFSKC73DVPQD9PP5WLL86 GA2BLT3UCCX IT4DRJVM8XH3RJGJA0YBAY9LFE6HXBBOH8EU3YDD9   73LQJ5CP43U1B T HSVTYEUXFVR1RYY27IB9B3CI75U1FB1JN4RBKLQ  WL', '69-9-3 0:39:20', 12);

insert into file (Fileid, assiId, userId, uploadTime, fileSize) values (7, 15, 'RNFSMNVYTGXKKD268I3TFVONLEOJYRQF44 3AX38QJDL0VM IC5QLHEXYYAAXN5KMRB7WESYS4LE2S0XAXB7M54PCY08B6U6PHW3NNGWS0FN PTN 75T NQL3MF55M97T6D0BOCIKY05IKCC3XG9P7UXK58XWOM8IKQ65VIY0ISWXRPY5TEHBFYM5KKMNFWJ8B9501R 27F133T2NIBKXB7ABUQG BXYL0GJ7EQ2MHYVBQBW7JXN49N8GWCU0A8', '1311-9-14 10:4:31', 9);

insert into file (Fileid, assiId, userId, uploadTime, fileSize) values (2, 12, '6A7QAR HQQCWFW3RBRFLT1PGPEFACM0OXBLJOCWIB87BHIESSC5CAJ868 5NUSQ60BE595CAJ86IN6 F5BO G0TET0TEDKQCCRGE VHL9GBMVICEEWI6H4H0VFQ1L10K M U99EIH62JN4WROWKE9MA9YUHUXDDK6HLUB10FC6BY7NYSBL7W8B5OU87WCQM8BEDJX17Y4TABESR3ST4PK0U0D9A3L9ETY OVL1S2CYNWQ8DKPYIO1I4DL1N 07B', '357-12-25 2:40:48', 10);

insert into file (Fileid, assiId, userId, uploadTime, fileSize) values (16, 11, 'CEK9GQRG8G4KLXOR6NHRLTYGPINPOWFNPQPDL5E3TK0XWF06FHJV4OON9UFC5UK3H IFT9CROV4WJPW66OYM 1CI8M L3O38MLPL3EVP6L7JHV88GCO9I3STL1U6GUYGBBJC5HD7Y1IBMQ1MMQ8IXKW7OK AYE402WRKK58BWOT4JNAKA8OH3YJ80PYJ34O2KDRLMPT297G7NP36CDLOSCMDF7WV5DNNWTB3H2LEHD9B4MGG W2 GI503YDP785', '604-2-27 4:13:8', 16);

insert into file (Fileid, assiId, userId, uploadTime, fileSize) values (9, 13, '67HU 9MSKFFXSU8R2MH0R1LL5GTJW3NO43GBMSTMJ J704WI WFBW5K5J25 31SQPGUART98F2E810594J7GJHXUUPWSCD7HNDL3L5X247Q3SRDDUQHKQ4K45F2A 8QO 37J17RIT1SB1EV0SSL2BSI8SI456G8 Y1ORT1QS EBSCI0AU69VVXQEDC5HUHLX4RKDFEX2EAOT0D98ALU8TLBQTHQTQER0C 0D6QCF3SO35Y0QJS7VBIBA9NY1BYO', '923-11-7 6:30:52', 18);

insert into file (Fileid, assiId, userId, uploadTime, fileSize) values (3, 5, 'SS70DFHBQIOB7QF985BW7 950CKIG4LJGH3MIQY73XD7US77XMLEBARWYKKIQE98XPSUO73U5LQ094ASBH3YA0CSNCCO3P69085D4EEVAEA9YJKKQ0BC2DFOJKK7A M3JRB0LA9H05VSX9NWJD F81875 8DLONVFWPRE8QNUKMEPU Q5M7BT5SK09LOUL1BK61RC1RWB9X8EBSM0QB6F5VPOX7QBYGXW09ASWYG0RGGM42WIJXG5Y14QJUD C8', '1-1-1 0:0:0', 1);

insert into file (Fileid, assiId, userId, uploadTime, fileSize) values (5, 1, 'TDLT9 T13C5NIWRIDMORSEU3FD LT3E9DL36KT8OYWNIBQ7FQ2RUROHGTYG6GG865FXUYF70KG4BM5MBAA91344B8TRD7OR2U2WSR19LHN10RFDFOMKJAC4RP8CW3YO40XVHRNO36CX5GNG HM64BRLV5PX2KAAN8QX 33A20QKQTPJ857P4IJ6UD2ANEELVVJBVBWN889TBE7XG1G CNN9S3DE WU849KF7DGX80NR24LL0FV 5XVVYW1DYNWJ', '1258-12-21 9:31:42', 7);

insert into file (Fileid, assiId, userId, uploadTime, fileSize) values (0, 6, 'REPOUMFU8IH6FH2LF7WYNMVM2TFNJ6TKL3JS19KMQHSCQODWTKFKF3KSDJV BUTES MHLNSB7LWG EPDA6R9O77ELM3IYH6GF50TG9WQFJYC1E23QMDSD897WS77V3489PO7P33GY112XXY PHP5OYPM4R69O7B2LRFBLP1UWV20RS6PDG1NXNUXQCY63UU IH32H5Q15TYSVC1QN6LXK6E6WBCRYO5VO2ARY1NY5QHDPE6B0DJU7XJ5FJ22CR3', '173-9-11 1:35:17', 3);

insert into file (Fileid, assiId, userId, uploadTime, fileSize) values (13, 10, 'REPOUMFU8IH6FH2LF7WYNMVM2TFNJ6TKL3JS19KMQHSCQODWTKFKF3KSDJV BUTES MHLNSB7LWG EPDA6R9O77ELM3IYH6GF50TG9WQFJYC1E23QMDSD897WS77V3489PO7P33GY112XXY PHP5OYPM4R69O7B2LRFBLP1UWV20RS6PDG1NXNUXQCY63UU IH32H5Q15TYSVC1QN6LXK6E6WBCRYO5VO2ARY1NY5QHDPE6B0DJU7XJ5FJ22CR3', '1447-5-21 11:2:17', 19);

insert into file (Fileid, assiId, userId, uploadTime, fileSize) values (17, 10, 'VSCFJGYDYLYIPDPWCVWVD5QM3Q6K2JUU5P5V1ANL3MRBJ608U7276 KVS3XPIWGEROMMMI1X9ET  LX8TTGV8BYCE8 59DC81XHSD93SJ04SGRBM8 JLJLTC3TLE5WUJMR U29QG8O6F2I 3F1CMQW76DMJEN5DIGOXNDY16YT10Q9W7WMFGEY5Y O5E4DB2QALHME10N A284XFIFU5R5NTY295OI47XFV22BS1FW0H V23EBA2XKUOM48R669', '1038-9-7 7:33:27', 5);

insert into file (Fileid, assiId, userId, uploadTime, fileSize) values (19, 13, '6A7QAR HQQCWFW3RBRFLT1PGPEFACM0OXBLJOCWIB87BHIESSC5CAJ868 5NUSQ60BE595CAJ86IN6 F5BO G0TET0TEDKQCCRGE VHL9GBMVICEEWI6H4H0VFQ1L10K M U99EIH62JN4WROWKE9MA9YUHUXDDK6HLUB10FC6BY7NYSBL7W8B5OU87WCQM8BEDJX17Y4TABESR3ST4PK0U0D9A3L9ETY OVL1S2CYNWQ8DKPYIO1I4DL1N 07B', '288-11-22 2:0:11', 13);

insert into file (Fileid, assiId, userId, uploadTime, fileSize) values (8, 2, 'SS70DFHBQIOB7QF985BW7 950CKIG4LJGH3MIQY73XD7US77XMLEBARWYKKIQE98XPSUO73U5LQ094ASBH3YA0CSNCCO3P69085D4EEVAEA9YJKKQ0BC2DFOJKK7A M3JRB0LA9H05VSX9NWJD F81875 8DLONVFWPRE8QNUKMEPU Q5M7BT5SK09LOUL1BK61RC1RWB9X8EBSM0QB6F5VPOX7QBYGXW09ASWYG0RGGM42WIJXG5Y14QJUD C8', '788-7-21 5:31:31', 8);

insert into file (Fileid, assiId, userId, uploadTime, fileSize) values (14, 19, 'RNFSMNVYTGXKKD268I3TFVONLEOJYRQF44 3AX38QJDL0VM IC5QLHEXYYAAXN5KMRB7WESYS4LE2S0XAXB7M54PCY08B6U6PHW3NNGWS0FN PTN 75T NQL3MF55M97T6D0BOCIKY05IKCC3XG9P7UXK58XWOM8IKQ65VIY0ISWXRPY5TEHBFYM5KKMNFWJ8B9501R 27F133T2NIBKXB7ABUQG BXYL0GJ7EQ2MHYVBQBW7JXN49N8GWCU0A8', '1683-3-25 12:27:50', 2);

insert into file (Fileid, assiId, userId, uploadTime, fileSize) values (10, 3, '18I1L3RPN W64OI RV7SDT RPGRND2S N1Y3XBBRHJ6 YK1K SF6RIDOSRDXMC7KVWAC7W1NSQH6KGMVBEBIL7JP2LWUFF01C9H 6 OCWRBAHXPV4 7 J8T44JSISHP539A8F15CKOXY7XU34M5R46PNW111M3X5KXYCFRJOY87S1JSJF5R6UVUMQ9EJQ2HVJYJKM63XL1NGBAFTK9EI1J2VD667UGENAXN8CL56HFHM4WT0ID010JBP1IF9LOQ', '1898-12-22 13:48:55', 11);

insert into file (Fileid, assiId, userId, uploadTime, fileSize) values (18, 13, 'RNFSMNVYTGXKKD268I3TFVONLEOJYRQF44 3AX38QJDL0VM IC5QLHEXYYAAXN5KMRB7WESYS4LE2S0XAXB7M54PCY08B6U6PHW3NNGWS0FN PTN 75T NQL3MF55M97T6D0BOCIKY05IKCC3XG9P7UXK58XWOM8IKQ65VIY0ISWXRPY5TEHBFYM5KKMNFWJ8B9501R 27F133T2NIBKXB7ABUQG BXYL0GJ7EQ2MHYVBQBW7JXN49N8GWCU0A8', '488-10-15 3:26:35', 6);

insert into file (Fileid, assiId, userId, uploadTime, fileSize) values (15, 15, 'S12E6RG89V9UY44DFAQVKUAP2 9QWBJJ2LE9PKYRBLSE3OE30YA89FVVT8KQC10P9GL6F4OPBG9 GJP1059HNQUI8  XPRJMIEJJ8VB37S0WGUS9HXM0US5YPBC1XPM0SV9QAI4GQIDCO UA72D44WCWD1IRBAB2TYQ14VVOGARE2DPYTYI24GGE6LDMF35C2DYKGXX2PDJ4TPPKPO1WQY21U4W45U6WUJ1FCS2CLP7FGRNT3 4P56APUD LJE3', '1809-3-4 13:15:7', 14);

insert into file (Fileid, assiId, userId, uploadTime, fileSize) values (11, 11, '36455MLR9OOLUIAPBFA75140B4GC9EM64M1HVON2B8 WK3R6VX4CLE4W5S8VFC0VXJ2SVAYJOCJQU KRQEAWNCWMY0TF7IL90NCQEYEYC1G5JOIASIXO6NIBMEPRK6W0KO1AUN7T3GMLS7TBI13R4KDUPKBWO3TLFB4NSX0F8PXOS2472PRHPVCYE5X5ULP93EIC TXTVY5FYCG3ABRJ6YQ2JST3KIA1OP16AYDWMEX0TN9XNPXT0M5FO92NG6P', '730-8-24 4:44:57', 0);

